run_id,timestamp_utc,seed,run_index,data_structure,operation,data_size,trial,time_ns,time_s,mem_peak_b,rss_delta_b,rss_baseline_b
2025-08-10T223952Z-16d02c,2025-08-10T23:51:07.609932+00:00,1121,1,Array,creation,100,0,206750,0.00020675,343607,0,114864128
2025-08-10T223952Z-16d02c,2025-08-10T23:51:07.609932+00:00,1121,2,Array,creation,100,1,194991,0.000194991,398759,0,166621184
2025-08-10T223952Z-16d02c,2025-08-10T23:51:07.609932+00:00,1121,3,Array,creation,100,2,353479,0.000353479,436399,0,154533888
2025-08-10T223952Z-16d02c,2025-08-10T23:51:07.609932+00:00,1121,4,Array,creation,100,3,201300,0.0002013,474087,0,171220992
2025-08-10T223952Z-16d02c,2025-08-10T23:51:07.609932+00:00,1121,5,Array,creation,100,4,334730,0.00033473,511739,0,172531712
2025-08-10T223952Z-16d02c,2025-08-10T23:51:07.609932+00:00,1121,1,Array,search,100,0,295940,0.00029594,338516,0,
2025-08-10T223952Z-16d02c,2025-08-10T23:51:07.609932+00:00,1121,2,Array,search,100,1,302340,0.00030234,393932,0,
2025-08-10T223952Z-16d02c,2025-08-10T23:51:07.609932+00:00,1121,3,Array,search,100,2,534460,0.00053446,431572,0,
2025-08-10T223952Z-16d02c,2025-08-10T23:51:07.609932+00:00,1121,4,Array,search,100,3,332110,0.00033211,469260,0,
2025-08-10T223952Z-16d02c,2025-08-10T23:51:07.609932+00:00,1121,5,Array,search,100,4,543210,0.00054321,506944,0,
2025-08-10T223952Z-16d02c,2025-08-10T23:51:07.609932+00:00,1121,1,Array,max,100,0,1960,1.96e-06,338223,0,
2025-08-10T223952Z-16d02c,2025-08-10T23:51:07.609932+00:00,1121,2,Array,max,100,1,2000,2e-06,393431,0,
2025-08-10T223952Z-16d02c,2025-08-10T23:51:07.609932+00:00,1121,3,Array,max,100,2,3270,3.27e-06,431103,0,
2025-08-10T223952Z-16d02c,2025-08-10T23:51:07.609932+00:00,1121,4,Array,max,100,3,3170,3.17e-06,468791,0,
2025-08-10T223952Z-16d02c,2025-08-10T23:51:07.609932+00:00,1121,5,Array,max,100,4,3370,3.37e-06,506507,0,
2025-08-10T223952Z-16d02c,2025-08-10T23:51:07.609932+00:00,1121,1,Array,min,100,0,2110,2.11e-06,338555,0,
2025-08-10T223952Z-16d02c,2025-08-10T23:51:07.609932+00:00,1121,2,Array,min,100,1,1650,1.65e-06,393675,0,
2025-08-10T223952Z-16d02c,2025-08-10T23:51:07.609932+00:00,1121,3,Array,min,100,2,2500,2.5e-06,431347,0,
2025-08-10T223952Z-16d02c,2025-08-10T23:51:07.609932+00:00,1121,4,Array,min,100,3,2520,2.52e-06,469035,0,
2025-08-10T223952Z-16d02c,2025-08-10T23:51:07.609932+00:00,1121,5,Array,min,100,4,2340,2.34e-06,506783,0,
2025-08-10T223952Z-16d02c,2025-08-10T23:51:07.609932+00:00,1121,1,Array,insert,100,0,74330,7.433e-05,340336,0,
2025-08-10T223952Z-16d02c,2025-08-10T23:51:07.609932+00:00,1121,2,Array,insert,100,1,91290,9.129e-05,395224,0,
2025-08-10T223952Z-16d02c,2025-08-10T23:51:07.609932+00:00,1121,3,Array,insert,100,2,135980,0.00013598,433040,0,
2025-08-10T223952Z-16d02c,2025-08-10T23:51:07.609932+00:00,1121,4,Array,insert,100,3,73680,7.368e-05,470824,0,
2025-08-10T223952Z-16d02c,2025-08-10T23:51:07.609932+00:00,1121,5,Array,insert,100,4,127340,0.00012734,508412,0,
2025-08-10T223952Z-16d02c,2025-08-10T23:51:07.609932+00:00,1121,1,Array,creation,1000,0,3229099,0.003229099,568975,393216,115650560
2025-08-10T223952Z-16d02c,2025-08-10T23:51:07.609932+00:00,1121,2,Array,creation,1000,1,2041600,0.0020416,618039,0,166621184
2025-08-10T223952Z-16d02c,2025-08-10T23:51:07.609932+00:00,1121,3,Array,creation,1000,2,3427890,0.00342789,655663,0,154533888
2025-08-10T223952Z-16d02c,2025-08-10T23:51:07.609932+00:00,1121,4,Array,creation,1000,3,2041880,0.00204188,693807,0,171220992
2025-08-10T223952Z-16d02c,2025-08-10T23:51:07.609932+00:00,1121,5,Array,creation,1000,4,1933980,0.00193398,732155,0,172531712
2025-08-10T223952Z-16d02c,2025-08-10T23:51:07.609932+00:00,1121,1,Array,search,1000,0,125580551,0.12558055,505724,0,
2025-08-10T223952Z-16d02c,2025-08-10T23:51:07.609932+00:00,1121,2,Array,search,1000,1,145819284,0.14581928,554588,0,
2025-08-10T223952Z-16d02c,2025-08-10T23:51:07.609932+00:00,1121,3,Array,search,1000,2,202652553,0.20265256,592260,0,
2025-08-10T223952Z-16d02c,2025-08-10T23:51:07.609932+00:00,1121,4,Array,search,1000,3,125565399,0.1255654,630452,0,
2025-08-10T223952Z-16d02c,2025-08-10T23:51:07.609932+00:00,1121,5,Array,search,1000,4,125860908,0.12586091,668872,0,
2025-08-10T223952Z-16d02c,2025-08-10T23:51:07.609932+00:00,1121,1,Array,max,1000,0,2720,2.72e-06,505895,0,
2025-08-10T223952Z-16d02c,2025-08-10T23:51:07.609932+00:00,1121,2,Array,max,1000,1,3250,3.25e-06,554295,0,
2025-08-10T223952Z-16d02c,2025-08-10T23:51:07.609932+00:00,1121,3,Array,max,1000,2,4020,4.02e-06,591935,0,
2025-08-10T223952Z-16d02c,2025-08-10T23:51:07.609932+00:00,1121,4,Array,max,1000,3,3600,3.6e-06,630127,0,
2025-08-10T223952Z-16d02c,2025-08-10T23:51:07.609932+00:00,1121,5,Array,max,1000,4,3480,3.48e-06,668579,0,
2025-08-10T223952Z-16d02c,2025-08-10T23:51:07.609932+00:00,1121,1,Array,min,1000,0,1980,1.98e-06,506011,0,
2025-08-10T223952Z-16d02c,2025-08-10T23:51:07.609932+00:00,1121,2,Array,min,1000,1,1780,1.78e-06,554323,0,
2025-08-10T223952Z-16d02c,2025-08-10T23:51:07.609932+00:00,1121,3,Array,min,1000,2,2640,2.64e-06,591995,0,
2025-08-10T223952Z-16d02c,2025-08-10T23:51:07.609932+00:00,1121,4,Array,min,1000,3,1840,1.84e-06,630187,0,
2025-08-10T223952Z-16d02c,2025-08-10T23:51:07.609932+00:00,1121,5,Array,min,1000,4,2320,2.32e-06,668671,0,
2025-08-10T223952Z-16d02c,2025-08-10T23:51:07.609932+00:00,1121,1,Array,insert,1000,0,2568160,0.00256816,511792,0,
2025-08-10T223952Z-16d02c,2025-08-10T23:51:07.609932+00:00,1121,2,Array,insert,1000,1,2624630,0.00262463,559872,0,
2025-08-10T223952Z-16d02c,2025-08-10T23:51:07.609932+00:00,1121,3,Array,insert,1000,2,4144389,0.004144389,597784,0,
2025-08-10T223952Z-16d02c,2025-08-10T23:51:07.609932+00:00,1121,4,Array,insert,1000,3,2378649,0.002378649,635928,0,
2025-08-10T223952Z-16d02c,2025-08-10T23:51:07.609932+00:00,1121,5,Array,insert,1000,4,4004140,0.00400414,674732,0,
2025-08-10T223952Z-16d02c,2025-08-10T23:51:07.609932+00:00,1121,1,Array,creation,5000,0,12219389,0.012219389,1565039,2359296,118796288
2025-08-10T223952Z-16d02c,2025-08-10T23:51:07.609932+00:00,1121,2,Array,creation,5000,1,11181598,0.011181598,1613143,0,166621184
2025-08-10T223952Z-16d02c,2025-08-10T23:51:07.609932+00:00,1121,3,Array,creation,5000,2,15178518,0.015178518,1650775,0,154533888
2025-08-10T223952Z-16d02c,2025-08-10T23:51:07.609932+00:00,1121,4,Array,creation,5000,3,12105838,0.012105838,1688415,0,171220992
2025-08-10T223952Z-16d02c,2025-08-10T23:51:07.609932+00:00,1121,5,Array,creation,5000,4,11502438,0.011502438,1727947,0,172531712
2025-08-10T223952Z-16d02c,2025-08-10T23:51:07.609932+00:00,1121,1,Array,search,5000,0,4661963776,4.661964,1077628,0,
2025-08-10T223952Z-16d02c,2025-08-10T23:51:07.609932+00:00,1121,2,Array,search,5000,1,4774430262,4.7744303,1127395,0,
2025-08-10T223952Z-16d02c,2025-08-10T23:51:07.609932+00:00,1121,3,Array,search,5000,2,7542530241,7.54253,1163212,0,
2025-08-10T223952Z-16d02c,2025-08-10T23:51:07.609932+00:00,1121,4,Array,search,5000,3,4832298847,4.8322988,1200900,0,
2025-08-10T223952Z-16d02c,2025-08-10T23:51:07.609932+00:00,1121,5,Array,search,5000,4,4834830441,4.8348303,1242367,0,
2025-08-10T223952Z-16d02c,2025-08-10T23:51:07.609932+00:00,1121,1,Array,max,5000,0,3670,3.67e-06,1077307,0,
2025-08-10T223952Z-16d02c,2025-08-10T23:51:07.609932+00:00,1121,2,Array,max,5000,1,5449,5.449e-06,1125123,0,
2025-08-10T223952Z-16d02c,2025-08-10T23:51:07.609932+00:00,1121,3,Array,max,5000,2,5110,5.11e-06,1162891,0,
2025-08-10T223952Z-16d02c,2025-08-10T23:51:07.609932+00:00,1121,4,Array,max,5000,3,5000,5e-06,1200491,0,
2025-08-10T223952Z-16d02c,2025-08-10T23:51:07.609932+00:00,1121,5,Array,max,5000,4,2660,2.66e-06,1240127,0,
2025-08-10T223952Z-16d02c,2025-08-10T23:51:07.609932+00:00,1121,1,Array,min,5000,0,1790,1.79e-06,1077543,0,
2025-08-10T223952Z-16d02c,2025-08-10T23:51:07.609932+00:00,1121,2,Array,min,5000,1,3680,3.68e-06,1125271,0,
2025-08-10T223952Z-16d02c,2025-08-10T23:51:07.609932+00:00,1121,3,Array,min,5000,2,2810,2.81e-06,1162951,0,
2025-08-10T223952Z-16d02c,2025-08-10T23:51:07.609932+00:00,1121,4,Array,min,5000,3,2290,2.29e-06,1200639,0,
2025-08-10T223952Z-16d02c,2025-08-10T23:51:07.609932+00:00,1121,5,Array,min,5000,4,1390,1.39e-06,1240307,0,
2025-08-10T223952Z-16d02c,2025-08-10T23:51:07.609932+00:00,1121,1,Array,insert,5000,0,281525178,0.28152516,1102988,0,
2025-08-10T223952Z-16d02c,2025-08-10T23:51:07.609932+00:00,1121,2,Array,insert,5000,1,280337870,0.28033787,1150388,0,
2025-08-10T223952Z-16d02c,2025-08-10T23:51:07.609932+00:00,1121,3,Array,insert,5000,2,271807301,0.2718073,1187396,0,
2025-08-10T223952Z-16d02c,2025-08-10T23:51:07.609932+00:00,1121,4,Array,insert,5000,3,297390419,0.29739043,1225852,0,
2025-08-10T223952Z-16d02c,2025-08-10T23:51:07.609932+00:00,1121,5,Array,insert,5000,4,291415728,0.29141572,1265456,0,
2025-08-10T223952Z-16d02c,2025-08-10T23:51:07.609932+00:00,1121,1,Array,creation,10000,0,31942595,0.031942595,3546207,5021696,126185472
2025-08-10T223952Z-16d02c,2025-08-10T23:51:07.609932+00:00,1121,2,Array,creation,10000,1,30228695,0.030228695,3590699,0,166621184
2025-08-10T223952Z-16d02c,2025-08-10T23:51:07.609932+00:00,1121,3,Array,creation,10000,2,33751103,0.033751104,3628403,1966080,156499968
2025-08-10T223952Z-16d02c,2025-08-10T23:51:07.609932+00:00,1121,4,Array,creation,10000,3,30611075,0.030611075,3665979,0,171220992
2025-08-10T223952Z-16d02c,2025-08-10T23:51:07.609932+00:00,1121,5,Array,creation,10000,4,37005154,0.037005153,3706459,0,172531712
2025-08-10T223952Z-16d02c,2025-08-10T23:51:07.609932+00:00,1121,1,Array,search,10000,0,21705854006,21.705854,2462460,131072,
2025-08-10T223952Z-16d02c,2025-08-10T23:51:07.609932+00:00,1121,2,Array,search,10000,1,21381840411,21.38184,2506740,0,
2025-08-10T223952Z-16d02c,2025-08-10T23:51:07.609932+00:00,1121,3,Array,search,10000,2,23139947441,23.139948,2544464,0,
2025-08-10T223952Z-16d02c,2025-08-10T23:51:07.609932+00:00,1121,4,Array,search,10000,3,21922643467,21.922644,2582183,0,
2025-08-10T223952Z-16d02c,2025-08-10T23:51:07.609932+00:00,1121,5,Array,search,10000,4,20307258282,20.307259,2622771,0,
2025-08-10T223952Z-16d02c,2025-08-10T23:51:07.609932+00:00,1121,1,Array,max,10000,0,4520,4.52e-06,2458483,0,
2025-08-10T223952Z-16d02c,2025-08-10T23:51:07.609932+00:00,1121,2,Array,max,10000,1,3051,3.051e-06,2502783,0,
2025-08-10T223952Z-16d02c,2025-08-10T23:51:07.609932+00:00,1121,3,Array,max,10000,2,3340,3.34e-06,2540439,0,
2025-08-10T223952Z-16d02c,2025-08-10T23:51:07.609932+00:00,1121,4,Array,max,10000,3,3460,3.46e-06,2578119,0,
2025-08-10T223952Z-16d02c,2025-08-10T23:51:07.609932+00:00,1121,5,Array,max,10000,4,3140,3.14e-06,2618703,0,
2025-08-10T223952Z-16d02c,2025-08-10T23:51:07.609932+00:00,1121,1,Array,min,10000,0,3010,3.01e-06,2458599,0,
2025-08-10T223952Z-16d02c,2025-08-10T23:51:07.609932+00:00,1121,2,Array,min,10000,1,1651,1.651e-06,2502811,0,
2025-08-10T223952Z-16d02c,2025-08-10T23:51:07.609932+00:00,1121,3,Array,min,10000,2,2909,2.909e-06,2540499,0,
2025-08-10T223952Z-16d02c,2025-08-10T23:51:07.609932+00:00,1121,4,Array,min,10000,3,2050,2.05e-06,2578179,0,
2025-08-10T223952Z-16d02c,2025-08-10T23:51:07.609932+00:00,1121,5,Array,min,10000,4,1600,1.6e-06,2618795,0,
2025-08-10T223952Z-16d02c,2025-08-10T23:51:07.609932+00:00,1121,1,Array,insert,10000,0,1476223965,1.476224,2506268,0,
2025-08-10T223952Z-16d02c,2025-08-10T23:51:07.609932+00:00,1121,2,Array,insert,10000,1,1323369668,1.3233696,2551160,0,
2025-08-10T223952Z-16d02c,2025-08-10T23:51:07.609932+00:00,1121,3,Array,insert,10000,2,1351520416,1.3515204,2590576,0,
2025-08-10T223952Z-16d02c,2025-08-10T23:51:07.609932+00:00,1121,4,Array,insert,10000,3,1306079414,1.3060794,2626768,0,
2025-08-10T223952Z-16d02c,2025-08-10T23:51:07.609932+00:00,1121,5,Array,insert,10000,4,1281066983,1.281067,2669720,0,
2025-08-10T223952Z-16d02c,2025-08-10T23:51:07.609932+00:00,1121,1,Array,creation,50000,0,195944511,0.19594452,12466843,21893120,152272896
2025-08-10T223952Z-16d02c,2025-08-10T23:51:07.609932+00:00,1121,2,Array,creation,50000,1,180169879,0.18016988,12507971,0,166621184
2025-08-10T223952Z-16d02c,2025-08-10T23:51:07.609932+00:00,1121,3,Array,creation,50000,2,185214347,0.18521434,12545579,4194304,160694272
2025-08-10T223952Z-16d02c,2025-08-10T23:51:07.609932+00:00,1121,4,Array,creation,50000,3,175075559,0.17507556,12583223,0,171220992
2025-08-10T223952Z-16d02c,2025-08-10T23:51:07.609932+00:00,1121,5,Array,creation,50000,4,195904455,0.19590445,12624623,0,172531712
2025-08-10T223952Z-16d02c,2025-08-10T23:51:07.609932+00:00,1121,1,Array,search,50000,0,609115900004,609.1159,6584694,0,
2025-08-10T223952Z-16d02c,2025-08-10T23:51:07.609932+00:00,1121,2,Array,search,50000,1,570173440097,570.17346,6625597,0,
2025-08-10T223952Z-16d02c,2025-08-10T23:51:07.609932+00:00,1121,3,Array,search,50000,2,568337938153,568.33795,6663313,0,
2025-08-10T223952Z-16d02c,2025-08-10T23:51:07.609932+00:00,1121,4,Array,search,50000,3,612448400602,612.4484,6700977,0,
2025-08-10T223952Z-16d02c,2025-08-10T23:51:07.609932+00:00,1121,5,Array,search,50000,4,612411032809,612.411,6742525,0,
2025-08-10T223952Z-16d02c,2025-08-10T23:51:07.609932+00:00,1121,1,Array,max,50000,0,3580,3.58e-06,6580775,0,
2025-08-10T223952Z-16d02c,2025-08-10T23:51:07.609932+00:00,1121,2,Array,max,50000,1,3730,3.73e-06,6621623,0,
2025-08-10T223952Z-16d02c,2025-08-10T23:51:07.609932+00:00,1121,3,Array,max,50000,2,2840,2.84e-06,6659303,0,
2025-08-10T223952Z-16d02c,2025-08-10T23:51:07.609932+00:00,1121,4,Array,max,50000,3,3471,3.471e-06,6696931,0,
2025-08-10T223952Z-16d02c,2025-08-10T23:51:07.609932+00:00,1121,5,Array,max,50000,4,3440,3.44e-06,6738475,0,
2025-08-10T223952Z-16d02c,2025-08-10T23:51:07.609932+00:00,1121,1,Array,min,50000,0,2510,2.51e-06,6580891,0,
2025-08-10T223952Z-16d02c,2025-08-10T23:51:07.609932+00:00,1121,2,Array,min,50000,1,2900,2.9e-06,6621683,0,
2025-08-10T223952Z-16d02c,2025-08-10T23:51:07.609932+00:00,1121,3,Array,min,50000,2,1920,1.92e-06,6659363,0,
2025-08-10T223952Z-16d02c,2025-08-10T23:51:07.609932+00:00,1121,4,Array,min,50000,3,2451,2.451e-06,6696991,0,
2025-08-10T223952Z-16d02c,2025-08-10T23:51:07.609932+00:00,1121,5,Array,min,50000,4,1800,1.8e-06,6738567,0,
2025-08-10T223952Z-16d02c,2025-08-10T23:51:07.609932+00:00,1121,1,Array,insert,50000,0,40653526662,40.653526,6824688,0,
2025-08-10T223952Z-16d02c,2025-08-10T23:51:07.609932+00:00,1121,2,Array,insert,50000,1,38478206510,38.478207,6865575,0,
2025-08-10T223952Z-16d02c,2025-08-10T23:51:07.609932+00:00,1121,3,Array,insert,50000,2,39853181882,39.853184,6901335,0,
2025-08-10T223952Z-16d02c,2025-08-10T23:51:07.609932+00:00,1121,4,Array,insert,50000,3,45592958089,45.592957,6935516,0,
2025-08-10T223952Z-16d02c,2025-08-10T23:51:07.609932+00:00,1121,5,Array,insert,50000,4,43244962622,43.24496,6977364,0,
2025-08-10T223952Z-16d02c,2025-08-10T23:51:07.609932+00:00,1121,1,HashTable,creation,100,0,92530,9.253e-05,345788,0,114864128
2025-08-10T223952Z-16d02c,2025-08-10T23:51:07.609932+00:00,1121,2,HashTable,creation,100,1,78100,7.81e-05,400515,0,166621184
2025-08-10T223952Z-16d02c,2025-08-10T23:51:07.609932+00:00,1121,3,HashTable,creation,100,2,147860,0.00014786,438331,0,154533888
2025-08-10T223952Z-16d02c,2025-08-10T23:51:07.609932+00:00,1121,4,HashTable,creation,100,3,129750,0.00012975,476196,0,171220992
2025-08-10T223952Z-16d02c,2025-08-10T23:51:07.609932+00:00,1121,5,HashTable,creation,100,4,187620,0.00018762,513752,0,172531712
2025-08-10T223952Z-16d02c,2025-08-10T23:51:07.609932+00:00,1121,1,HashTable,search,100,0,59200,5.92e-05,339168,0,
2025-08-10T223952Z-16d02c,2025-08-10T23:51:07.609932+00:00,1121,2,HashTable,search,100,1,54580,5.458e-05,393856,0,
2025-08-10T223952Z-16d02c,2025-08-10T23:51:07.609932+00:00,1121,3,HashTable,search,100,2,106950,0.00010695,431336,0,
2025-08-10T223952Z-16d02c,2025-08-10T23:51:07.609932+00:00,1121,4,HashTable,search,100,3,62690,6.269e-05,469408,0,
2025-08-10T223952Z-16d02c,2025-08-10T23:51:07.609932+00:00,1121,5,HashTable,search,100,4,104380,0.00010438,507252,0,
2025-08-10T223952Z-16d02c,2025-08-10T23:51:07.609932+00:00,1121,1,HashTable,max,100,0,6870,6.87e-06,338955,0,
2025-08-10T223952Z-16d02c,2025-08-10T23:51:07.609932+00:00,1121,2,HashTable,max,100,1,6340,6.34e-06,393555,0,
2025-08-10T223952Z-16d02c,2025-08-10T23:51:07.609932+00:00,1121,3,HashTable,max,100,2,7960,7.96e-06,431035,0,
2025-08-10T223952Z-16d02c,2025-08-10T23:51:07.609932+00:00,1121,4,HashTable,max,100,3,6230,6.23e-06,469107,0,
2025-08-10T223952Z-16d02c,2025-08-10T23:51:07.609932+00:00,1121,5,HashTable,max,100,4,9480,9.48e-06,506983,0,
2025-08-10T223952Z-16d02c,2025-08-10T23:51:07.609932+00:00,1121,1,HashTable,min,100,0,4300,4.3e-06,339287,0,
2025-08-10T223952Z-16d02c,2025-08-10T23:51:07.609932+00:00,1121,2,HashTable,min,100,1,4810,4.81e-06,393799,0,
2025-08-10T223952Z-16d02c,2025-08-10T23:51:07.609932+00:00,1121,3,HashTable,min,100,2,6600,6.6e-06,431279,0,
2025-08-10T223952Z-16d02c,2025-08-10T23:51:07.609932+00:00,1121,4,HashTable,min,100,3,7380,7.38e-06,469351,0,
2025-08-10T223952Z-16d02c,2025-08-10T23:51:07.609932+00:00,1121,5,HashTable,min,100,4,7980,7.98e-06,507259,0,
2025-08-10T223952Z-16d02c,2025-08-10T23:51:07.609932+00:00,1121,1,HashTable,insert,100,0,32250,3.225e-05,340732,0,
2025-08-10T223952Z-16d02c,2025-08-10T23:51:07.609932+00:00,1121,2,HashTable,insert,100,1,38030,3.803e-05,395012,0,
2025-08-10T223952Z-16d02c,2025-08-10T23:51:07.609932+00:00,1121,3,HashTable,insert,100,2,52040,5.204e-05,432636,0,
2025-08-10T223952Z-16d02c,2025-08-10T23:51:07.609932+00:00,1121,4,HashTable,insert,100,3,31530,3.153e-05,470804,0,
2025-08-10T223952Z-16d02c,2025-08-10T23:51:07.609932+00:00,1121,5,HashTable,insert,100,4,56980,5.698e-05,508552,0,
2025-08-10T223952Z-16d02c,2025-08-10T23:51:07.609932+00:00,1121,1,HashTable,creation,1000,0,1489380,0.00148938,560516,0,115650560
2025-08-10T223952Z-16d02c,2025-08-10T23:51:07.609932+00:00,1121,2,HashTable,creation,1000,1,1143880,0.00114388,608972,0,166621184
2025-08-10T223952Z-16d02c,2025-08-10T23:51:07.609932+00:00,1121,3,HashTable,creation,1000,2,1980850,0.00198085,646404,0,154533888
2025-08-10T223952Z-16d02c,2025-08-10T23:51:07.609932+00:00,1121,4,HashTable,creation,1000,3,1208120,0.00120812,684980,0,171220992
2025-08-10T223952Z-16d02c,2025-08-10T23:51:07.609932+00:00,1121,5,HashTable,creation,1000,4,1084070,0.00108407,723392,0,172531712
2025-08-10T223952Z-16d02c,2025-08-10T23:51:07.609932+00:00,1121,1,HashTable,search,1000,0,1297820,0.00129782,492136,0,
2025-08-10T223952Z-16d02c,2025-08-10T23:51:07.609932+00:00,1121,2,HashTable,search,1000,1,871171,0.000871171,540544,0,
2025-08-10T223952Z-16d02c,2025-08-10T23:51:07.609932+00:00,1121,3,HashTable,search,1000,2,1075170,0.00107517,577784,0,
2025-08-10T223952Z-16d02c,2025-08-10T23:51:07.609932+00:00,1121,4,HashTable,search,1000,3,711930,0.00071193,616456,0,
2025-08-10T223952Z-16d02c,2025-08-10T23:51:07.609932+00:00,1121,5,HashTable,search,1000,4,691140,0.00069114,654652,0,
2025-08-10T223952Z-16d02c,2025-08-10T23:51:07.609932+00:00,1121,1,HashTable,max,1000,0,27090,2.709e-05,491891,0,
2025-08-10T223952Z-16d02c,2025-08-10T23:51:07.609932+00:00,1121,2,HashTable,max,1000,1,19849,1.9849e-05,540211,0,
2025-08-10T223952Z-16d02c,2025-08-10T23:51:07.609932+00:00,1121,3,HashTable,max,1000,2,15670,1.567e-05,577451,0,
2025-08-10T223952Z-16d02c,2025-08-10T23:51:07.609932+00:00,1121,4,HashTable,max,1000,3,15600,1.56e-05,616123,0,
2025-08-10T223952Z-16d02c,2025-08-10T23:51:07.609932+00:00,1121,5,HashTable,max,1000,4,15850,1.585e-05,654351,0,
2025-08-10T223952Z-16d02c,2025-08-10T23:51:07.609932+00:00,1121,1,HashTable,min,1000,0,25020,2.502e-05,492127,0,
2025-08-10T223952Z-16d02c,2025-08-10T23:51:07.609932+00:00,1121,2,HashTable,min,1000,1,18130,1.813e-05,540359,0,
2025-08-10T223952Z-16d02c,2025-08-10T23:51:07.609932+00:00,1121,3,HashTable,min,1000,2,23910,2.391e-05,577599,0,
2025-08-10T223952Z-16d02c,2025-08-10T23:51:07.609932+00:00,1121,4,HashTable,min,1000,3,13890,1.389e-05,616271,0,
2025-08-10T223952Z-16d02c,2025-08-10T23:51:07.609932+00:00,1121,5,HashTable,min,1000,4,14370,1.437e-05,654531,0,
2025-08-10T223952Z-16d02c,2025-08-10T23:51:07.609932+00:00,1121,1,HashTable,insert,1000,0,408710,0.00040871,495716,0,
2025-08-10T223952Z-16d02c,2025-08-10T23:51:07.609932+00:00,1121,2,HashTable,insert,1000,1,259070,0.00025907,580115,0,
2025-08-10T223952Z-16d02c,2025-08-10T23:51:07.609932+00:00,1121,3,HashTable,insert,1000,2,267940,0.00026794,617787,0,
2025-08-10T223952Z-16d02c,2025-08-10T23:51:07.609932+00:00,1121,4,HashTable,insert,1000,3,245740,0.00024574,655979,0,
2025-08-10T223952Z-16d02c,2025-08-10T23:51:07.609932+00:00,1121,5,HashTable,insert,1000,4,238880,0.00023888,694655,0,
2025-08-10T223952Z-16d02c,2025-08-10T23:51:07.609932+00:00,1121,1,HashTable,creation,5000,0,5407109,0.005407109,1455303,0,118796288
2025-08-10T223952Z-16d02c,2025-08-10T23:51:07.609932+00:00,1121,2,HashTable,creation,5000,1,9989199,0.009989199,1502567,0,166621184
2025-08-10T223952Z-16d02c,2025-08-10T23:51:07.609932+00:00,1121,3,HashTable,creation,5000,2,5859429,0.005859429,1539535,0,154533888
2025-08-10T223952Z-16d02c,2025-08-10T23:51:07.609932+00:00,1121,4,HashTable,creation,5000,3,8150608,0.008150608,1577947,0,171220992
2025-08-10T223952Z-16d02c,2025-08-10T23:51:07.609932+00:00,1121,5,HashTable,creation,5000,4,6016389,0.006016389,1617539,0,172531712
2025-08-10T223952Z-16d02c,2025-08-10T23:51:07.609932+00:00,1121,1,HashTable,search,5000,0,3860390,0.00386039,1058060,0,
2025-08-10T223952Z-16d02c,2025-08-10T23:51:07.609932+00:00,1121,2,HashTable,search,5000,1,3896509,0.003896509,1105500,0,
2025-08-10T223952Z-16d02c,2025-08-10T23:51:07.609932+00:00,1121,3,HashTable,search,5000,2,4170719,0.004170719,1143612,0,
2025-08-10T223952Z-16d02c,2025-08-10T23:51:07.609932+00:00,1121,4,HashTable,search,5000,3,4398289,0.004398289,1180248,0,
2025-08-10T223952Z-16d02c,2025-08-10T23:51:07.609932+00:00,1121,5,HashTable,search,5000,4,3922029,0.003922029,1220008,0,
2025-08-10T223952Z-16d02c,2025-08-10T23:51:07.609932+00:00,1121,1,HashTable,max,5000,0,57200,5.72e-05,1057783,0,
2025-08-10T223952Z-16d02c,2025-08-10T23:51:07.609932+00:00,1121,2,HashTable,max,5000,1,72360,7.236e-05,1105135,0,
2025-08-10T223952Z-16d02c,2025-08-10T23:51:07.609932+00:00,1121,3,HashTable,max,5000,2,100720,0.00010072,1143247,0,
2025-08-10T223952Z-16d02c,2025-08-10T23:51:07.609932+00:00,1121,4,HashTable,max,5000,3,69130,6.913e-05,1179883,0,
2025-08-10T223952Z-16d02c,2025-08-10T23:51:07.609932+00:00,1121,5,HashTable,max,5000,4,110340,0.00011034,1219675,0,
2025-08-10T223952Z-16d02c,2025-08-10T23:51:07.609932+00:00,1121,1,HashTable,min,5000,0,55140,5.514e-05,1058019,0,
2025-08-10T223952Z-16d02c,2025-08-10T23:51:07.609932+00:00,1121,2,HashTable,min,5000,1,60440,6.044e-05,1105403,0,
2025-08-10T223952Z-16d02c,2025-08-10T23:51:07.609932+00:00,1121,3,HashTable,min,5000,2,68090,6.809e-05,1143395,0,
2025-08-10T223952Z-16d02c,2025-08-10T23:51:07.609932+00:00,1121,4,HashTable,min,5000,3,63060,6.306e-05,1180031,0,
2025-08-10T223952Z-16d02c,2025-08-10T23:51:07.609932+00:00,1121,5,HashTable,min,5000,4,58040,5.804e-05,1219855,0,
2025-08-10T223952Z-16d02c,2025-08-10T23:51:07.609932+00:00,1121,1,HashTable,insert,5000,0,1515430,0.00151543,1073272,0,
2025-08-10T223952Z-16d02c,2025-08-10T23:51:07.609932+00:00,1121,2,HashTable,insert,5000,1,1423660,0.00142366,1120208,0,
2025-08-10T223952Z-16d02c,2025-08-10T23:51:07.609932+00:00,1121,3,HashTable,insert,5000,2,1499910,0.00149991,1157736,0,
2025-08-10T223952Z-16d02c,2025-08-10T23:51:07.609932+00:00,1121,4,HashTable,insert,5000,3,1489470,0.00148947,1195140,0,
2025-08-10T223952Z-16d02c,2025-08-10T23:51:07.609932+00:00,1121,5,HashTable,insert,5000,4,1517240,0.00151724,1234812,0,
2025-08-10T223952Z-16d02c,2025-08-10T23:51:07.609932+00:00,1121,1,HashTable,creation,10000,0,11509418,0.011509418,3210971,0,126316544
2025-08-10T223952Z-16d02c,2025-08-10T23:51:07.609932+00:00,1121,2,HashTable,creation,10000,1,17603157,0.017603157,3255727,0,166621184
2025-08-10T223952Z-16d02c,2025-08-10T23:51:07.609932+00:00,1121,3,HashTable,creation,10000,2,12828117,0.012828117,3295071,0,156499968
2025-08-10T223952Z-16d02c,2025-08-10T23:51:07.609932+00:00,1121,4,HashTable,creation,10000,3,11191588,0.011191588,3331263,0,171220992
2025-08-10T223952Z-16d02c,2025-08-10T23:51:07.609932+00:00,1121,5,HashTable,creation,10000,4,12573958,0.012573958,3374151,0,172531712
2025-08-10T223952Z-16d02c,2025-08-10T23:51:07.609932+00:00,1121,1,HashTable,search,10000,0,7919239,0.007919239,2419448,0,
2025-08-10T223952Z-16d02c,2025-08-10T23:51:07.609932+00:00,1121,2,HashTable,search,10000,1,8512569,0.008512569,2461788,0,
2025-08-10T223952Z-16d02c,2025-08-10T23:51:07.609932+00:00,1121,3,HashTable,search,10000,2,12110978,0.012110978,2499380,0,
2025-08-10T223952Z-16d02c,2025-08-10T23:51:07.609932+00:00,1121,4,HashTable,search,10000,3,8355769,0.008355769,2534084,0,
2025-08-10T223952Z-16d02c,2025-08-10T23:51:07.609932+00:00,1121,5,HashTable,search,10000,4,11263358,0.011263358,2578444,0,
2025-08-10T223952Z-16d02c,2025-08-10T23:51:07.609932+00:00,1121,1,HashTable,max,10000,0,119250,0.00011925,2419171,0,
2025-08-10T223952Z-16d02c,2025-08-10T23:51:07.609932+00:00,1121,2,HashTable,max,10000,1,142900,0.0001429,2461423,0,
2025-08-10T223952Z-16d02c,2025-08-10T23:51:07.609932+00:00,1121,3,HashTable,max,10000,2,145720,0.00014572,2499015,0,
2025-08-10T223952Z-16d02c,2025-08-10T23:51:07.609932+00:00,1121,4,HashTable,max,10000,3,107560,0.00010756,2533719,0,
2025-08-10T223952Z-16d02c,2025-08-10T23:51:07.609932+00:00,1121,5,HashTable,max,10000,4,228030,0.00022803,2578115,0,
2025-08-10T223952Z-16d02c,2025-08-10T23:51:07.609932+00:00,1121,1,HashTable,min,10000,0,111290,0.00011129,2419407,0,
2025-08-10T223952Z-16d02c,2025-08-10T23:51:07.609932+00:00,1121,2,HashTable,min,10000,1,114860,0.00011486,2461571,0,
2025-08-10T223952Z-16d02c,2025-08-10T23:51:07.609932+00:00,1121,3,HashTable,min,10000,2,115500,0.0001155,2499163,0,
2025-08-10T223952Z-16d02c,2025-08-10T23:51:07.609932+00:00,1121,4,HashTable,min,10000,3,110189,0.000110189,2533867,0,
2025-08-10T223952Z-16d02c,2025-08-10T23:51:07.609932+00:00,1121,5,HashTable,min,10000,4,202529,0.000202529,2578295,0,
2025-08-10T223952Z-16d02c,2025-08-10T23:51:07.609932+00:00,1121,1,HashTable,insert,10000,0,3020410,0.00302041,2446900,0,
2025-08-10T223952Z-16d02c,2025-08-10T23:51:07.609932+00:00,1121,2,HashTable,insert,10000,1,3112729,0.003112729,2489744,0,
2025-08-10T223952Z-16d02c,2025-08-10T23:51:07.609932+00:00,1121,3,HashTable,insert,10000,2,3625189,0.003625189,2529064,0,
2025-08-10T223952Z-16d02c,2025-08-10T23:51:07.609932+00:00,1121,4,HashTable,insert,10000,3,2893540,0.00289354,2562280,0,
2025-08-10T223952Z-16d02c,2025-08-10T23:51:07.609932+00:00,1121,5,HashTable,insert,10000,4,5112589,0.005112589,2609044,0,
2025-08-10T223952Z-16d02c,2025-08-10T23:51:07.609932+00:00,1121,1,HashTable,creation,50000,0,70497628,0.070497625,9774079,917504,153190400
2025-08-10T223952Z-16d02c,2025-08-10T23:51:07.609932+00:00,1121,2,HashTable,creation,50000,1,79504095,0.079504095,9813367,0,166621184
2025-08-10T223952Z-16d02c,2025-08-10T23:51:07.609932+00:00,1121,3,HashTable,creation,50000,2,70788208,0.070788205,9849759,0,160694272
2025-08-10T223952Z-16d02c,2025-08-10T23:51:07.609932+00:00,1121,4,HashTable,creation,50000,3,76178337,0.076178335,9884651,0,171220992
2025-08-10T223952Z-16d02c,2025-08-10T23:51:07.609932+00:00,1121,5,HashTable,creation,50000,4,105214195,0.10521419,9926483,0,172531712
2025-08-10T223952Z-16d02c,2025-08-10T23:51:07.609932+00:00,1121,1,HashTable,search,50000,0,46218132,0.04621813,6209996,0,
2025-08-10T223952Z-16d02c,2025-08-10T23:51:07.609932+00:00,1121,2,HashTable,search,50000,1,41317743,0.041317742,6248804,0,
2025-08-10T223952Z-16d02c,2025-08-10T23:51:07.609932+00:00,1121,3,HashTable,search,50000,2,56175100,0.0561751,6292004,0,
2025-08-10T223952Z-16d02c,2025-08-10T23:51:07.609932+00:00,1121,4,HashTable,search,50000,3,54607661,0.05460766,6331840,0,
2025-08-10T223952Z-16d02c,2025-08-10T23:51:07.609932+00:00,1121,5,HashTable,search,50000,4,67828710,0.06782871,6371352,0,
2025-08-10T223952Z-16d02c,2025-08-10T23:51:07.609932+00:00,1121,1,HashTable,max,50000,0,695640,0.00069564,6209663,0,
2025-08-10T223952Z-16d02c,2025-08-10T23:51:07.609932+00:00,1121,2,HashTable,max,50000,1,624110,0.00062411,6248415,0,
2025-08-10T223952Z-16d02c,2025-08-10T23:51:07.609932+00:00,1121,3,HashTable,max,50000,2,1049360,0.00104936,6291615,0,
2025-08-10T223952Z-16d02c,2025-08-10T23:51:07.609932+00:00,1121,4,HashTable,max,50000,3,974050,0.00097405,6331451,0,
2025-08-10T223952Z-16d02c,2025-08-10T23:51:07.609932+00:00,1121,5,HashTable,max,50000,4,683910,0.00068391,6370995,0,
2025-08-10T223952Z-16d02c,2025-08-10T23:51:07.609932+00:00,1121,1,HashTable,min,50000,0,694380,0.00069438,6209963,0,
2025-08-10T223952Z-16d02c,2025-08-10T23:51:07.609932+00:00,1121,2,HashTable,min,50000,1,591729,0.000591729,6248627,0,
2025-08-10T223952Z-16d02c,2025-08-10T23:51:07.609932+00:00,1121,3,HashTable,min,50000,2,1067500,0.0010675,6291827,0,
2025-08-10T223952Z-16d02c,2025-08-10T23:51:07.609932+00:00,1121,4,HashTable,min,50000,3,852050,0.00085205,6331663,0,
2025-08-10T223952Z-16d02c,2025-08-10T23:51:07.609932+00:00,1121,5,HashTable,min,50000,4,589920,0.00058992,6371239,0,
2025-08-10T223952Z-16d02c,2025-08-10T23:51:07.609932+00:00,1121,1,HashTable,insert,50000,0,18782206,0.018782206,6353584,0,
2025-08-10T223952Z-16d02c,2025-08-10T23:51:07.609932+00:00,1121,2,HashTable,insert,50000,1,16814677,0.016814677,6390912,0,
2025-08-10T223952Z-16d02c,2025-08-10T23:51:07.609932+00:00,1121,3,HashTable,insert,50000,2,20210446,0.020210447,6432864,0,
2025-08-10T223952Z-16d02c,2025-08-10T23:51:07.609932+00:00,1121,4,HashTable,insert,50000,3,18246176,0.018246176,6470012,0,
2025-08-10T223952Z-16d02c,2025-08-10T23:51:07.609932+00:00,1121,5,HashTable,insert,50000,4,17552217,0.017552217,6509860,0,
2025-08-10T223952Z-16d02c,2025-08-10T23:51:07.609932+00:00,1121,1,binarySearchTree,creation,100,0,1153469,0.001153469,353368,0,114864128
2025-08-10T223952Z-16d02c,2025-08-10T23:51:07.609932+00:00,1121,2,binarySearchTree,creation,100,1,1169330,0.00116933,404792,0,166621184
2025-08-10T223952Z-16d02c,2025-08-10T23:51:07.609932+00:00,1121,3,binarySearchTree,creation,100,2,2033030,0.00203303,441776,0,154533888
2025-08-10T223952Z-16d02c,2025-08-10T23:51:07.609932+00:00,1121,4,binarySearchTree,creation,100,3,1406329,0.001406329,481128,0,171220992
2025-08-10T223952Z-16d02c,2025-08-10T23:51:07.609932+00:00,1121,5,binarySearchTree,creation,100,4,2224930,0.00222493,518820,0,172531712
2025-08-10T223952Z-16d02c,2025-08-10T23:51:07.609932+00:00,1121,1,binarySearchTree,search,100,0,109320,0.00010932,348228,0,
2025-08-10T223952Z-16d02c,2025-08-10T23:51:07.609932+00:00,1121,2,binarySearchTree,search,100,1,150120,0.00015012,399676,0,
2025-08-10T223952Z-16d02c,2025-08-10T23:51:07.609932+00:00,1121,3,binarySearchTree,search,100,2,201560,0.00020156,436708,0,
2025-08-10T223952Z-16d02c,2025-08-10T23:51:07.609932+00:00,1121,4,binarySearchTree,search,100,3,104610,0.00010461,475676,0,
2025-08-10T223952Z-16d02c,2025-08-10T23:51:07.609932+00:00,1121,5,binarySearchTree,search,100,4,176600,0.0001766,513680,0,
2025-08-10T223952Z-16d02c,2025-08-10T23:51:07.609932+00:00,1121,1,binarySearchTree,max,100,0,3940,3.94e-06,348127,0,
2025-08-10T223952Z-16d02c,2025-08-10T23:51:07.609932+00:00,1121,2,binarySearchTree,max,100,1,5840,5.84e-06,399487,0,
2025-08-10T223952Z-16d02c,2025-08-10T23:51:07.609932+00:00,1121,3,binarySearchTree,max,100,2,5580,5.58e-06,436519,0,
2025-08-10T223952Z-16d02c,2025-08-10T23:51:07.609932+00:00,1121,4,binarySearchTree,max,100,3,5700,5.7e-06,475487,0,
2025-08-10T223952Z-16d02c,2025-08-10T23:51:07.609932+00:00,1121,5,binarySearchTree,max,100,4,5710,5.71e-06,513523,0,
2025-08-10T223952Z-16d02c,2025-08-10T23:51:07.609932+00:00,1121,1,binarySearchTree,min,100,0,3351,3.351e-06,348699,0,
2025-08-10T223952Z-16d02c,2025-08-10T23:51:07.609932+00:00,1121,2,binarySearchTree,min,100,1,10260,1.026e-05,399971,0,
2025-08-10T223952Z-16d02c,2025-08-10T23:51:07.609932+00:00,1121,3,binarySearchTree,min,100,2,4740,4.74e-06,437003,0,
2025-08-10T223952Z-16d02c,2025-08-10T23:51:07.609932+00:00,1121,4,binarySearchTree,min,100,3,3490,3.49e-06,475971,0,
2025-08-10T223952Z-16d02c,2025-08-10T23:51:07.609932+00:00,1121,5,binarySearchTree,min,100,4,4970,4.97e-06,514039,0,
2025-08-10T223952Z-16d02c,2025-08-10T23:51:07.609932+00:00,1121,1,binarySearchTree,insert,100,0,280129,0.000280129,351168,131072,
2025-08-10T223952Z-16d02c,2025-08-10T23:51:07.609932+00:00,1121,2,binarySearchTree,insert,100,1,192370,0.00019237,401872,0,
2025-08-10T223952Z-16d02c,2025-08-10T23:51:07.609932+00:00,1121,3,binarySearchTree,insert,100,2,443370,0.00044337,439496,0,
2025-08-10T223952Z-16d02c,2025-08-10T23:51:07.609932+00:00,1121,4,binarySearchTree,insert,100,3,398250,0.00039825,478672,0,
2025-08-10T223952Z-16d02c,2025-08-10T23:51:07.609932+00:00,1121,5,binarySearchTree,insert,100,4,649250,0.00064925,516132,0,
2025-08-10T223952Z-16d02c,2025-08-10T23:51:07.609932+00:00,1121,1,binarySearchTree,creation,1000,0,20711277,0.020711277,596064,393216,116043776
2025-08-10T223952Z-16d02c,2025-08-10T23:51:07.609932+00:00,1121,2,binarySearchTree,creation,1000,1,24916326,0.024916327,664024,0,166621184
2025-08-10T223952Z-16d02c,2025-08-10T23:51:07.609932+00:00,1121,3,binarySearchTree,creation,1000,2,28241735,0.028241735,700016,0,154533888
2025-08-10T223952Z-16d02c,2025-08-10T23:51:07.609932+00:00,1121,4,binarySearchTree,creation,1000,3,17658307,0.017658306,740192,0,171220992
2025-08-10T223952Z-16d02c,2025-08-10T23:51:07.609932+00:00,1121,5,binarySearchTree,creation,1000,4,17149557,0.017149556,777484,0,172531712
2025-08-10T223952Z-16d02c,2025-08-10T23:51:07.609932+00:00,1121,1,binarySearchTree,search,1000,0,1901560,0.00190156,545436,0,
2025-08-10T223952Z-16d02c,2025-08-10T23:51:07.609932+00:00,1121,2,binarySearchTree,search,1000,1,1449369,0.001449369,594372,0,
2025-08-10T223952Z-16d02c,2025-08-10T23:51:07.609932+00:00,1121,3,binarySearchTree,search,1000,2,2445360,0.00244536,630604,0,
2025-08-10T223952Z-16d02c,2025-08-10T23:51:07.609932+00:00,1121,4,binarySearchTree,search,1000,3,1564779,0.001564779,670396,0,
2025-08-10T223952Z-16d02c,2025-08-10T23:51:07.609932+00:00,1121,5,binarySearchTree,search,1000,4,1381000,0.001381,707856,0,
2025-08-10T223952Z-16d02c,2025-08-10T23:51:07.609932+00:00,1121,1,binarySearchTree,max,1000,0,7500,7.5e-06,545303,0,
2025-08-10T223952Z-16d02c,2025-08-10T23:51:07.609932+00:00,1121,2,binarySearchTree,max,1000,1,7471,7.471e-06,594151,0,
2025-08-10T223952Z-16d02c,2025-08-10T23:51:07.609932+00:00,1121,3,binarySearchTree,max,1000,2,6900,6.9e-06,630383,0,
2025-08-10T223952Z-16d02c,2025-08-10T23:51:07.609932+00:00,1121,4,binarySearchTree,max,1000,3,4920,4.92e-06,670175,0,
2025-08-10T223952Z-16d02c,2025-08-10T23:51:07.609932+00:00,1121,5,binarySearchTree,max,1000,4,4130,4.13e-06,707667,0,
2025-08-10T223952Z-16d02c,2025-08-10T23:51:07.609932+00:00,1121,1,binarySearchTree,min,1000,0,5930,5.93e-06,545731,0,
2025-08-10T223952Z-16d02c,2025-08-10T23:51:07.609932+00:00,1121,2,binarySearchTree,min,1000,1,4871,4.871e-06,594491,0,
2025-08-10T223952Z-16d02c,2025-08-10T23:51:07.609932+00:00,1121,3,binarySearchTree,min,1000,2,5850,5.85e-06,630723,0,
2025-08-10T223952Z-16d02c,2025-08-10T23:51:07.609932+00:00,1121,4,binarySearchTree,min,1000,3,3660,3.66e-06,670515,0,
2025-08-10T223952Z-16d02c,2025-08-10T23:51:07.609932+00:00,1121,5,binarySearchTree,min,1000,4,3220,3.22e-06,708039,0,
2025-08-10T223952Z-16d02c,2025-08-10T23:51:07.609932+00:00,1121,1,binarySearchTree,insert,1000,0,3890709,0.003890709,555064,0,
2025-08-10T223952Z-16d02c,2025-08-10T23:51:07.609932+00:00,1121,2,binarySearchTree,insert,1000,1,2089180,0.00208918,603640,0,
2025-08-10T223952Z-16d02c,2025-08-10T23:51:07.609932+00:00,1121,3,binarySearchTree,insert,1000,2,4248140,0.00424814,640672,0,
2025-08-10T223952Z-16d02c,2025-08-10T23:51:07.609932+00:00,1121,4,binarySearchTree,insert,1000,3,2286900,0.0022869,679920,0,
2025-08-10T223952Z-16d02c,2025-08-10T23:51:07.609932+00:00,1121,5,binarySearchTree,insert,1000,4,2409029,0.002409029,718443,0,
2025-08-10T223952Z-16d02c,2025-08-10T23:51:07.609932+00:00,1121,1,binarySearchTree,creation,5000,0,110691753,0.110691756,1578492,131072,118927360
2025-08-10T223952Z-16d02c,2025-08-10T23:51:07.609932+00:00,1121,2,binarySearchTree,creation,5000,1,139126735,0.13912673,1625612,0,166621184
2025-08-10T223952Z-16d02c,2025-08-10T23:51:07.609932+00:00,1121,3,binarySearchTree,creation,5000,2,125094007,0.12509401,1664404,0,154533888
2025-08-10T223952Z-16d02c,2025-08-10T23:51:07.609932+00:00,1121,4,binarySearchTree,creation,5000,3,117685500,0.1176855,1698288,0,171220992
2025-08-10T223952Z-16d02c,2025-08-10T23:51:07.609932+00:00,1121,5,binarySearchTree,creation,5000,4,119235069,0.11923507,1738128,0,172531712
2025-08-10T223952Z-16d02c,2025-08-10T23:51:07.609932+00:00,1121,1,binarySearchTree,search,5000,0,9001418,0.009001418,1265688,0,
2025-08-10T223952Z-16d02c,2025-08-10T23:51:07.609932+00:00,1121,2,binarySearchTree,search,5000,1,8624028,0.008624028,1312760,0,
2025-08-10T223952Z-16d02c,2025-08-10T23:51:07.609932+00:00,1121,3,binarySearchTree,search,5000,2,9055288,0.009055288,1351880,0,
2025-08-10T223952Z-16d02c,2025-08-10T23:51:07.609932+00:00,1121,4,binarySearchTree,search,5000,3,8790118,0.008790118,1386052,0,
2025-08-10T223952Z-16d02c,2025-08-10T23:51:07.609932+00:00,1121,5,binarySearchTree,search,5000,4,8475399,0.008475399,1425972,0,
2025-08-10T223952Z-16d02c,2025-08-10T23:51:07.609932+00:00,1121,1,binarySearchTree,max,5000,0,8970,8.97e-06,1265523,0,
2025-08-10T223952Z-16d02c,2025-08-10T23:51:07.609932+00:00,1121,2,binarySearchTree,max,5000,1,6300,6.3e-06,1312507,0,
2025-08-10T223952Z-16d02c,2025-08-10T23:51:07.609932+00:00,1121,3,binarySearchTree,max,5000,2,5100,5.1e-06,1351627,0,
2025-08-10T223952Z-16d02c,2025-08-10T23:51:07.609932+00:00,1121,4,binarySearchTree,max,5000,3,4880,4.88e-06,1385799,0,
2025-08-10T223952Z-16d02c,2025-08-10T23:51:07.609932+00:00,1121,5,binarySearchTree,max,5000,4,5120,5.12e-06,1425751,0,
2025-08-10T223952Z-16d02c,2025-08-10T23:51:07.609932+00:00,1121,1,binarySearchTree,min,5000,0,4490,4.49e-06,1265951,0,
2025-08-10T223952Z-16d02c,2025-08-10T23:51:07.609932+00:00,1121,2,binarySearchTree,min,5000,1,6210,6.21e-06,1312847,0,
2025-08-10T223952Z-16d02c,2025-08-10T23:51:07.609932+00:00,1121,3,binarySearchTree,min,5000,2,4590,4.59e-06,1351967,0,
2025-08-10T223952Z-16d02c,2025-08-10T23:51:07.609932+00:00,1121,4,binarySearchTree,min,5000,3,3840,3.84e-06,1386139,0,
2025-08-10T223952Z-16d02c,2025-08-10T23:51:07.609932+00:00,1121,5,binarySearchTree,min,5000,4,3890,3.89e-06,1426123,0,
2025-08-10T223952Z-16d02c,2025-08-10T23:51:07.609932+00:00,1121,1,binarySearchTree,insert,5000,0,15646768,0.015646769,1314548,0,
2025-08-10T223952Z-16d02c,2025-08-10T23:51:07.609932+00:00,1121,2,binarySearchTree,insert,5000,1,17056737,0.017056737,1360556,0,
2025-08-10T223952Z-16d02c,2025-08-10T23:51:07.609932+00:00,1121,3,binarySearchTree,insert,5000,2,13253488,0.013253488,1397436,0,
2025-08-10T223952Z-16d02c,2025-08-10T23:51:07.609932+00:00,1121,4,binarySearchTree,insert,5000,3,16735317,0.016735317,1434168,0,
2025-08-10T223952Z-16d02c,2025-08-10T23:51:07.609932+00:00,1121,5,binarySearchTree,insert,5000,4,14322187,0.014322187,1473864,0,
2025-08-10T223952Z-16d02c,2025-08-10T23:51:07.609932+00:00,1121,1,binarySearchTree,creation,10000,0,249392402,0.2493924,3461664,131072,126447616
2025-08-10T223952Z-16d02c,2025-08-10T23:51:07.609932+00:00,1121,2,binarySearchTree,creation,10000,1,295013638,0.29501364,3499460,0,166621184
2025-08-10T223952Z-16d02c,2025-08-10T23:51:07.609932+00:00,1121,3,binarySearchTree,creation,10000,2,268804152,0.26880416,3538372,0,156499968
2025-08-10T223952Z-16d02c,2025-08-10T23:51:07.609932+00:00,1121,4,binarySearchTree,creation,10000,3,262634654,0.26263466,3561716,0,171220992
2025-08-10T223952Z-16d02c,2025-08-10T23:51:07.609932+00:00,1121,5,binarySearchTree,creation,10000,4,286197099,0.2861971,3620528,0,172531712
2025-08-10T223952Z-16d02c,2025-08-10T23:51:07.609932+00:00,1121,1,binarySearchTree,search,10000,0,22397566,0.022397567,2836468,0,
2025-08-10T223952Z-16d02c,2025-08-10T23:51:07.609932+00:00,1121,2,binarySearchTree,search,10000,1,29036445,0.029036446,2874744,0,
2025-08-10T223952Z-16d02c,2025-08-10T23:51:07.609932+00:00,1121,3,binarySearchTree,search,10000,2,19609366,0.019609366,2912080,0,
2025-08-10T223952Z-16d02c,2025-08-10T23:51:07.609932+00:00,1121,4,binarySearchTree,search,10000,3,22030026,0.022030026,2939840,0,
2025-08-10T223952Z-16d02c,2025-08-10T23:51:07.609932+00:00,1121,5,binarySearchTree,search,10000,4,23216526,0.023216525,2992876,0,
2025-08-10T223952Z-16d02c,2025-08-10T23:51:07.609932+00:00,1121,1,binarySearchTree,max,10000,0,6729,6.729e-06,2836183,0,
2025-08-10T223952Z-16d02c,2025-08-10T23:51:07.609932+00:00,1121,2,binarySearchTree,max,10000,1,8510,8.51e-06,2874371,0,
2025-08-10T223952Z-16d02c,2025-08-10T23:51:07.609932+00:00,1121,3,binarySearchTree,max,10000,2,6400,6.4e-06,2911739,0,
2025-08-10T223952Z-16d02c,2025-08-10T23:51:07.609932+00:00,1121,4,binarySearchTree,max,10000,3,5640,5.64e-06,2939499,0,
2025-08-10T223952Z-16d02c,2025-08-10T23:51:07.609932+00:00,1121,5,binarySearchTree,max,10000,4,5780,5.78e-06,2992567,0,
2025-08-10T223952Z-16d02c,2025-08-10T23:51:07.609932+00:00,1121,1,binarySearchTree,min,10000,0,5429,5.429e-06,2836611,0,
2025-08-10T223952Z-16d02c,2025-08-10T23:51:07.609932+00:00,1121,2,binarySearchTree,min,10000,1,6970,6.97e-06,2874711,0,
2025-08-10T223952Z-16d02c,2025-08-10T23:51:07.609932+00:00,1121,3,binarySearchTree,min,10000,2,4680,4.68e-06,2912079,0,
2025-08-10T223952Z-16d02c,2025-08-10T23:51:07.609932+00:00,1121,4,binarySearchTree,min,10000,3,4290,4.29e-06,2939839,0,
2025-08-10T223952Z-16d02c,2025-08-10T23:51:07.609932+00:00,1121,5,binarySearchTree,min,10000,4,4740,4.74e-06,2992939,0,
2025-08-10T223952Z-16d02c,2025-08-10T23:51:07.609932+00:00,1121,1,binarySearchTree,insert,10000,0,30156366,0.030156367,2926008,0,
2025-08-10T223952Z-16d02c,2025-08-10T23:51:07.609932+00:00,1121,2,binarySearchTree,insert,10000,1,33870474,0.033870474,2966580,0,
2025-08-10T223952Z-16d02c,2025-08-10T23:51:07.609932+00:00,1121,3,binarySearchTree,insert,10000,2,33218214,0.033218212,3009708,0,
2025-08-10T223952Z-16d02c,2025-08-10T23:51:07.609932+00:00,1121,4,binarySearchTree,insert,10000,3,30949875,0.030949876,3032236,0,
2025-08-10T223952Z-16d02c,2025-08-10T23:51:07.609932+00:00,1121,5,binarySearchTree,insert,10000,4,34726284,0.034726284,3093320,0,
2025-08-10T223952Z-16d02c,2025-08-10T23:51:07.609932+00:00,1121,1,binarySearchTree,creation,50000,0,1564274139,1.5642742,9394956,655360,153845760
2025-08-10T223952Z-16d02c,2025-08-10T23:51:07.609932+00:00,1121,2,binarySearchTree,creation,50000,1,1572011808,1.5720118,9427028,0,166621184
2025-08-10T223952Z-16d02c,2025-08-10T23:51:07.609932+00:00,1121,3,binarySearchTree,creation,50000,2,1672010686,1.6720107,9487347,0,160694272
2025-08-10T223952Z-16d02c,2025-08-10T23:51:07.609932+00:00,1121,4,binarySearchTree,creation,50000,3,1835898665,1.8358986,9531752,0,171220992
2025-08-10T223952Z-16d02c,2025-08-10T23:51:07.609932+00:00,1121,5,binarySearchTree,creation,50000,4,1972144995,1.972145,9564384,0,172531712
2025-08-10T223952Z-16d02c,2025-08-10T23:51:07.609932+00:00,1121,1,binarySearchTree,search,50000,0,142038075,0.14203808,6427084,0,
2025-08-10T223952Z-16d02c,2025-08-10T23:51:07.609932+00:00,1121,2,binarySearchTree,search,50000,1,132923826,0.13292383,6461716,0,
2025-08-10T223952Z-16d02c,2025-08-10T23:51:07.609932+00:00,1121,3,binarySearchTree,search,50000,2,122334959,0.12233496,6517796,0,
2025-08-10T223952Z-16d02c,2025-08-10T23:51:07.609932+00:00,1121,4,binarySearchTree,search,50000,3,137876786,0.13787678,6562784,0,
2025-08-10T223952Z-16d02c,2025-08-10T23:51:07.609932+00:00,1121,5,binarySearchTree,search,50000,4,203267241,0.20326725,6597416,0,
2025-08-10T223952Z-16d02c,2025-08-10T23:51:07.609932+00:00,1121,1,binarySearchTree,max,50000,0,8630,8.63e-06,6426863,0,
2025-08-10T223952Z-16d02c,2025-08-10T23:51:07.609932+00:00,1121,2,binarySearchTree,max,50000,1,10140,1.014e-05,6461439,0,
2025-08-10T223952Z-16d02c,2025-08-10T23:51:07.609932+00:00,1121,3,binarySearchTree,max,50000,2,9500,9.5e-06,6517607,0,
2025-08-10T223952Z-16d02c,2025-08-10T23:51:07.609932+00:00,1121,4,binarySearchTree,max,50000,3,23660,2.366e-05,6562507,0,
2025-08-10T223952Z-16d02c,2025-08-10T23:51:07.609932+00:00,1121,5,binarySearchTree,max,50000,4,17990,1.799e-05,6597171,0,
2025-08-10T223952Z-16d02c,2025-08-10T23:51:07.609932+00:00,1121,1,binarySearchTree,min,50000,0,9060,9.06e-06,6427523,0,
2025-08-10T223952Z-16d02c,2025-08-10T23:51:07.609932+00:00,1121,2,binarySearchTree,min,50000,1,8530,8.53e-06,6461979,0,
2025-08-10T223952Z-16d02c,2025-08-10T23:51:07.609932+00:00,1121,3,binarySearchTree,min,50000,2,7549,7.549e-06,6517971,0,
2025-08-10T223952Z-16d02c,2025-08-10T23:51:07.609932+00:00,1121,4,binarySearchTree,min,50000,3,7980,7.98e-06,6563047,0,
2025-08-10T223952Z-16d02c,2025-08-10T23:51:07.609932+00:00,1121,5,binarySearchTree,min,50000,4,8790,8.79e-06,6597743,0,
2025-08-10T223952Z-16d02c,2025-08-10T23:51:07.609932+00:00,1121,1,binarySearchTree,insert,50000,0,202066045,0.20206605,6903408,0,
2025-08-10T223952Z-16d02c,2025-08-10T23:51:07.609932+00:00,1121,2,binarySearchTree,insert,50000,1,175711848,0.17571186,6933655,0,
2025-08-10T223952Z-16d02c,2025-08-10T23:51:07.609932+00:00,1121,3,binarySearchTree,insert,50000,2,199658177,0.19965817,6985568,0,
2025-08-10T223952Z-16d02c,2025-08-10T23:51:07.609932+00:00,1121,4,binarySearchTree,insert,50000,3,173556589,0.1735566,7021596,0,
2025-08-10T223952Z-16d02c,2025-08-10T23:51:07.609932+00:00,1121,5,binarySearchTree,insert,50000,4,283175889,0.2831759,7057124,0,
2025-08-10T223952Z-16d02c,2025-08-10T23:51:07.609932+00:00,1121,1,SkipList,creation,100,0,887050,0.00088705,367740,0,114995200
2025-08-10T223952Z-16d02c,2025-08-10T23:51:07.609932+00:00,1121,2,SkipList,creation,100,1,1055370,0.00105537,415012,0,166621184
2025-08-10T223952Z-16d02c,2025-08-10T23:51:07.609932+00:00,1121,3,SkipList,creation,100,2,1375180,0.00137518,451788,0,154533888
2025-08-10T223952Z-16d02c,2025-08-10T23:51:07.609932+00:00,1121,4,SkipList,creation,100,3,1333960,0.00133396,492628,0,171220992
2025-08-10T223952Z-16d02c,2025-08-10T23:51:07.609932+00:00,1121,5,SkipList,creation,100,4,1008879,0.001008879,530064,0,172531712
2025-08-10T223952Z-16d02c,2025-08-10T23:51:07.609932+00:00,1121,1,SkipList,search,100,0,474790,0.00047479,354456,0,
2025-08-10T223952Z-16d02c,2025-08-10T23:51:07.609932+00:00,1121,2,SkipList,search,100,1,343420,0.00034342,404768,0,
2025-08-10T223952Z-16d02c,2025-08-10T23:51:07.609932+00:00,1121,3,SkipList,search,100,2,567380,0.00056738,441592,0,
2025-08-10T223952Z-16d02c,2025-08-10T23:51:07.609932+00:00,1121,4,SkipList,search,100,3,357690,0.00035769,481040,0,
2025-08-10T223952Z-16d02c,2025-08-10T23:51:07.609932+00:00,1121,5,SkipList,search,100,4,330540,0.00033054,519236,0,
2025-08-10T223952Z-16d02c,2025-08-10T23:51:07.609932+00:00,1121,1,SkipList,max,100,0,5790,5.79e-06,354163,0,
2025-08-10T223952Z-16d02c,2025-08-10T23:51:07.609932+00:00,1121,2,SkipList,max,100,1,5631,5.631e-06,404387,0,
2025-08-10T223952Z-16d02c,2025-08-10T23:51:07.609932+00:00,1121,3,SkipList,max,100,2,4300,4.3e-06,441211,0,
2025-08-10T223952Z-16d02c,2025-08-10T23:51:07.609932+00:00,1121,4,SkipList,max,100,3,2760,2.76e-06,480659,0,
2025-08-10T223952Z-16d02c,2025-08-10T23:51:07.609932+00:00,1121,5,SkipList,max,100,4,2890,2.89e-06,518887,0,
2025-08-10T223952Z-16d02c,2025-08-10T23:51:07.609932+00:00,1121,1,SkipList,min,100,0,2680,2.68e-06,354495,0,
2025-08-10T223952Z-16d02c,2025-08-10T23:51:07.609932+00:00,1121,2,SkipList,min,100,1,1840,1.84e-06,404631,0,
2025-08-10T223952Z-16d02c,2025-08-10T23:51:07.609932+00:00,1121,3,SkipList,min,100,2,2320,2.32e-06,441455,0,
2025-08-10T223952Z-16d02c,2025-08-10T23:51:07.609932+00:00,1121,4,SkipList,min,100,3,1360,1.36e-06,480903,0,
2025-08-10T223952Z-16d02c,2025-08-10T23:51:07.609932+00:00,1121,5,SkipList,min,100,4,1810,1.81e-06,519163,0,
2025-08-10T223952Z-16d02c,2025-08-10T23:51:07.609932+00:00,1121,1,SkipList,insert,100,0,231010,0.00023101,357356,0,
2025-08-10T223952Z-16d02c,2025-08-10T23:51:07.609932+00:00,1121,2,SkipList,insert,100,1,156549,0.000156549,406788,0,
2025-08-10T223952Z-16d02c,2025-08-10T23:51:07.609932+00:00,1121,3,SkipList,insert,100,2,282080,0.00028208,444396,0,
2025-08-10T223952Z-16d02c,2025-08-10T23:51:07.609932+00:00,1121,4,SkipList,insert,100,3,160280,0.00016028,484132,0,
2025-08-10T223952Z-16d02c,2025-08-10T23:51:07.609932+00:00,1121,5,SkipList,insert,100,4,150930,0.00015093,521584,0,
2025-08-10T223952Z-16d02c,2025-08-10T23:51:07.609932+00:00,1121,1,SkipList,creation,1000,0,10088148,0.010088148,686268,131072,116174848
2025-08-10T223952Z-16d02c,2025-08-10T23:51:07.609932+00:00,1121,2,SkipList,creation,1000,1,11646588,0.011646588,737628,0,166621184
2025-08-10T223952Z-16d02c,2025-08-10T23:51:07.609932+00:00,1121,3,SkipList,creation,1000,2,16697297,0.016697297,772036,0,154533888
2025-08-10T223952Z-16d02c,2025-08-10T23:51:07.609932+00:00,1121,4,SkipList,creation,1000,3,8537698,0.008537698,813580,0,171220992
2025-08-10T223952Z-16d02c,2025-08-10T23:51:07.609932+00:00,1121,5,SkipList,creation,1000,4,8393799,0.008393799,850264,0,172531712
2025-08-10T223952Z-16d02c,2025-08-10T23:51:07.609932+00:00,1121,1,SkipList,search,1000,0,4054020,0.00405402,577816,0,
2025-08-10T223952Z-16d02c,2025-08-10T23:51:07.609932+00:00,1121,2,SkipList,search,1000,1,5720189,0.005720189,627808,0,
2025-08-10T223952Z-16d02c,2025-08-10T23:51:07.609932+00:00,1121,3,SkipList,search,1000,2,6530519,0.006530519,662904,0,
2025-08-10T223952Z-16d02c,2025-08-10T23:51:07.609932+00:00,1121,4,SkipList,search,1000,3,5283259,0.005283259,703056,0,
2025-08-10T223952Z-16d02c,2025-08-10T23:51:07.609932+00:00,1121,5,SkipList,search,1000,4,5028859,0.005028859,740132,0,
2025-08-10T223952Z-16d02c,2025-08-10T23:51:07.609932+00:00,1121,1,SkipList,max,1000,0,6420,6.42e-06,577491,0,
2025-08-10T223952Z-16d02c,2025-08-10T23:51:07.609932+00:00,1121,2,SkipList,max,1000,1,11090,1.109e-05,627395,0,
2025-08-10T223952Z-16d02c,2025-08-10T23:51:07.609932+00:00,1121,3,SkipList,max,1000,2,5360,5.36e-06,662491,0,
2025-08-10T223952Z-16d02c,2025-08-10T23:51:07.609932+00:00,1121,4,SkipList,max,1000,3,3740,3.74e-06,702643,0,
2025-08-10T223952Z-16d02c,2025-08-10T23:51:07.609932+00:00,1121,5,SkipList,max,1000,4,3290,3.29e-06,739751,0,
2025-08-10T223952Z-16d02c,2025-08-10T23:51:07.609932+00:00,1121,1,SkipList,min,1000,0,2220,2.22e-06,577727,0,
2025-08-10T223952Z-16d02c,2025-08-10T23:51:07.609932+00:00,1121,2,SkipList,min,1000,1,3380,3.38e-06,627543,0,
2025-08-10T223952Z-16d02c,2025-08-10T23:51:07.609932+00:00,1121,3,SkipList,min,1000,2,3090,3.09e-06,662639,0,
2025-08-10T223952Z-16d02c,2025-08-10T23:51:07.609932+00:00,1121,4,SkipList,min,1000,3,3300,3.3e-06,702791,0,
2025-08-10T223952Z-16d02c,2025-08-10T23:51:07.609932+00:00,1121,5,SkipList,min,1000,4,1420,1.42e-06,739931,0,
2025-08-10T223952Z-16d02c,2025-08-10T23:51:07.609932+00:00,1121,1,SkipList,insert,1000,0,1584260,0.00158426,590476,0,
2025-08-10T223952Z-16d02c,2025-08-10T23:51:07.609932+00:00,1121,2,SkipList,insert,1000,1,1949779,0.001949779,639500,0,
2025-08-10T223952Z-16d02c,2025-08-10T23:51:07.609932+00:00,1121,3,SkipList,insert,1000,2,1752980,0.00175298,675820,0,
2025-08-10T223952Z-16d02c,2025-08-10T23:51:07.609932+00:00,1121,4,SkipList,insert,1000,3,2215090,0.00221509,715716,0,
2025-08-10T223952Z-16d02c,2025-08-10T23:51:07.609932+00:00,1121,5,SkipList,insert,1000,4,1442189,0.001442189,754120,0,
2025-08-10T223952Z-16d02c,2025-08-10T23:51:07.609932+00:00,1121,1,SkipList,creation,5000,0,65624390,0.06562439,1991392,1974272,121032704
2025-08-10T223952Z-16d02c,2025-08-10T23:51:07.609932+00:00,1121,2,SkipList,creation,5000,1,53261971,0.05326197,2037776,0,166621184
2025-08-10T223952Z-16d02c,2025-08-10T23:51:07.609932+00:00,1121,3,SkipList,creation,5000,2,55840720,0.05584072,2077288,0,154533888
2025-08-10T223952Z-16d02c,2025-08-10T23:51:07.609932+00:00,1121,4,SkipList,creation,5000,3,56541721,0.056541722,2109468,0,171220992
2025-08-10T223952Z-16d02c,2025-08-10T23:51:07.609932+00:00,1121,5,SkipList,creation,5000,4,51696841,0.05169684,2148460,0,172531712
2025-08-10T223952Z-16d02c,2025-08-10T23:51:07.609932+00:00,1121,1,SkipList,search,5000,0,21784067,0.021784067,1439220,0,
2025-08-10T223952Z-16d02c,2025-08-10T23:51:07.609932+00:00,1121,2,SkipList,search,5000,1,23829576,0.023829576,1485892,0,
2025-08-10T223952Z-16d02c,2025-08-10T23:51:07.609932+00:00,1121,3,SkipList,search,5000,2,23874645,0.023874644,1526204,0,
2025-08-10T223952Z-16d02c,2025-08-10T23:51:07.609932+00:00,1121,4,SkipList,search,5000,3,20261096,0.020261096,1559432,0,
2025-08-10T223952Z-16d02c,2025-08-10T23:51:07.609932+00:00,1121,5,SkipList,search,5000,4,21667546,0.021667546,1598816,0,
2025-08-10T223952Z-16d02c,2025-08-10T23:51:07.609932+00:00,1121,1,SkipList,max,5000,0,7570,7.57e-06,1438863,0,
2025-08-10T223952Z-16d02c,2025-08-10T23:51:07.609932+00:00,1121,2,SkipList,max,5000,1,7620,7.62e-06,1485591,0,
2025-08-10T223952Z-16d02c,2025-08-10T23:51:07.609932+00:00,1121,3,SkipList,max,5000,2,5180,5.18e-06,1525763,0,
2025-08-10T223952Z-16d02c,2025-08-10T23:51:07.609932+00:00,1121,4,SkipList,max,5000,3,5470,5.47e-06,1558987,0,
2025-08-10T223952Z-16d02c,2025-08-10T23:51:07.609932+00:00,1121,5,SkipList,max,5000,4,5480,5.48e-06,1598403,0,
2025-08-10T223952Z-16d02c,2025-08-10T23:51:07.609932+00:00,1121,1,SkipList,min,5000,0,2940,2.94e-06,1439243,0,
2025-08-10T223952Z-16d02c,2025-08-10T23:51:07.609932+00:00,1121,2,SkipList,min,5000,1,3810,3.81e-06,1485619,0,
2025-08-10T223952Z-16d02c,2025-08-10T23:51:07.609932+00:00,1121,3,SkipList,min,5000,2,2210,2.21e-06,1525911,0,
2025-08-10T223952Z-16d02c,2025-08-10T23:51:07.609932+00:00,1121,4,SkipList,min,5000,3,2170,2.17e-06,1559247,0,
2025-08-10T223952Z-16d02c,2025-08-10T23:51:07.609932+00:00,1121,5,SkipList,min,5000,4,2030,2.03e-06,1598583,0,
2025-08-10T223952Z-16d02c,2025-08-10T23:51:07.609932+00:00,1121,1,SkipList,insert,5000,0,7801659,0.007801659,1504288,0,
2025-08-10T223952Z-16d02c,2025-08-10T23:51:07.609932+00:00,1121,2,SkipList,insert,5000,1,7313968,0.007313968,1549816,0,
2025-08-10T223952Z-16d02c,2025-08-10T23:51:07.609932+00:00,1121,3,SkipList,insert,5000,2,8481629,0.008481629,1586772,0,
2025-08-10T223952Z-16d02c,2025-08-10T23:51:07.609932+00:00,1121,4,SkipList,insert,5000,3,7388329,0.007388329,1623804,0,
2025-08-10T223952Z-16d02c,2025-08-10T23:51:07.609932+00:00,1121,5,SkipList,insert,5000,4,8840468,0.008840468,1662900,0,
2025-08-10T223952Z-16d02c,2025-08-10T23:51:07.609932+00:00,1121,1,SkipList,creation,10000,0,108856163,0.108856164,4291027,3145728,129593344
2025-08-10T223952Z-16d02c,2025-08-10T23:51:07.609932+00:00,1121,2,SkipList,creation,10000,1,102957902,0.102957904,4324935,0,166621184
2025-08-10T223952Z-16d02c,2025-08-10T23:51:07.609932+00:00,1121,3,SkipList,creation,10000,2,105294951,0.10529495,4367047,0,156499968
2025-08-10T223952Z-16d02c,2025-08-10T23:51:07.609932+00:00,1121,4,SkipList,creation,10000,3,100565652,0.10056565,4377071,0,171220992
2025-08-10T223952Z-16d02c,2025-08-10T23:51:07.609932+00:00,1121,5,SkipList,creation,10000,4,104843871,0.10484387,4455211,0,172531712
2025-08-10T223952Z-16d02c,2025-08-10T23:51:07.609932+00:00,1121,1,SkipList,search,10000,0,45614063,0.045614064,3188631,0,
2025-08-10T223952Z-16d02c,2025-08-10T23:51:07.609932+00:00,1121,2,SkipList,search,10000,1,50192221,0.050192222,3224699,0,
2025-08-10T223952Z-16d02c,2025-08-10T23:51:07.609932+00:00,1121,3,SkipList,search,10000,2,49575312,0.04957531,3261451,0,
2025-08-10T223952Z-16d02c,2025-08-10T23:51:07.609932+00:00,1121,4,SkipList,search,10000,3,48683491,0.04868349,3286171,0,
2025-08-10T223952Z-16d02c,2025-08-10T23:51:07.609932+00:00,1121,5,SkipList,search,10000,4,48123551,0.04812355,3344759,0,
2025-08-10T223952Z-16d02c,2025-08-10T23:51:07.609932+00:00,1121,1,SkipList,max,10000,0,7900,7.9e-06,3188147,0,
2025-08-10T223952Z-16d02c,2025-08-10T23:51:07.609932+00:00,1121,2,SkipList,max,10000,1,5350,5.35e-06,3224159,0,
2025-08-10T223952Z-16d02c,2025-08-10T23:51:07.609932+00:00,1121,3,SkipList,max,10000,2,6600,6.6e-06,3260911,0,
2025-08-10T223952Z-16d02c,2025-08-10T23:51:07.609932+00:00,1121,4,SkipList,max,10000,3,5960,5.96e-06,3285631,0,
2025-08-10T223952Z-16d02c,2025-08-10T23:51:07.609932+00:00,1121,5,SkipList,max,10000,4,5640,5.64e-06,3344251,0,
2025-08-10T223952Z-16d02c,2025-08-10T23:51:07.609932+00:00,1121,1,SkipList,min,10000,0,2230,2.23e-06,3188383,0,
2025-08-10T223952Z-16d02c,2025-08-10T23:51:07.609932+00:00,1121,2,SkipList,min,10000,1,1800,1.8e-06,3224307,0,
2025-08-10T223952Z-16d02c,2025-08-10T23:51:07.609932+00:00,1121,3,SkipList,min,10000,2,1929,1.929e-06,3261059,0,
2025-08-10T223952Z-16d02c,2025-08-10T23:51:07.609932+00:00,1121,4,SkipList,min,10000,3,2670,2.67e-06,3285779,0,
2025-08-10T223952Z-16d02c,2025-08-10T23:51:07.609932+00:00,1121,5,SkipList,min,10000,4,2040,2.04e-06,3344431,0,
2025-08-10T223952Z-16d02c,2025-08-10T23:51:07.609932+00:00,1121,1,SkipList,insert,10000,0,17340647,0.017340647,3309091,0,
2025-08-10T223952Z-16d02c,2025-08-10T23:51:07.609932+00:00,1121,2,SkipList,insert,10000,1,19841087,0.019841086,3348031,0,
2025-08-10T223952Z-16d02c,2025-08-10T23:51:07.609932+00:00,1121,3,SkipList,insert,10000,2,18250607,0.018250607,3392231,0,
2025-08-10T223952Z-16d02c,2025-08-10T23:51:07.609932+00:00,1121,4,SkipList,insert,10000,3,16258917,0.016258918,3410999,0,
2025-08-10T223952Z-16d02c,2025-08-10T23:51:07.609932+00:00,1121,5,SkipList,insert,10000,4,18465037,0.018465037,3479083,0,
2025-08-10T223952Z-16d02c,2025-08-10T23:51:07.609932+00:00,1121,1,SkipList,creation,50000,0,610929994,0.61092997,13725783,11808768,165654528
2025-08-10T223952Z-16d02c,2025-08-10T23:51:07.609932+00:00,1121,2,SkipList,creation,50000,1,638845495,0.6388455,13750371,3407872,170029056
2025-08-10T223952Z-16d02c,2025-08-10T23:51:07.609932+00:00,1121,3,SkipList,creation,50000,2,618419415,0.6184194,13831287,11534336,172228608
2025-08-10T223952Z-16d02c,2025-08-10T23:51:07.609932+00:00,1121,4,SkipList,creation,50000,3,589582756,0.58958274,13872079,1179648,172400640
2025-08-10T223952Z-16d02c,2025-08-10T23:51:07.609932+00:00,1121,5,SkipList,creation,50000,4,904358199,0.9043582,13902623,655360,173187072
2025-08-10T223952Z-16d02c,2025-08-10T23:51:07.609932+00:00,1121,1,SkipList,search,50000,0,319646465,0.31964648,8196611,0,
2025-08-10T223952Z-16d02c,2025-08-10T23:51:07.609932+00:00,1121,2,SkipList,search,50000,1,315070713,0.31507072,8230355,0,
2025-08-10T223952Z-16d02c,2025-08-10T23:51:07.609932+00:00,1121,3,SkipList,search,50000,2,324310115,0.32431012,8297067,0,
2025-08-10T223952Z-16d02c,2025-08-10T23:51:07.609932+00:00,1121,4,SkipList,search,50000,3,325987422,0.32598743,8339559,0,
2025-08-10T223952Z-16d02c,2025-08-10T23:51:07.609932+00:00,1121,5,SkipList,search,50000,4,445350375,0.44535038,8378675,0,
2025-08-10T223952Z-16d02c,2025-08-10T23:51:07.609932+00:00,1121,1,SkipList,max,50000,0,10290,1.029e-05,8196443,0,
2025-08-10T223952Z-16d02c,2025-08-10T23:51:07.609932+00:00,1121,2,SkipList,max,50000,1,7170,7.17e-06,8230063,0,
2025-08-10T223952Z-16d02c,2025-08-10T23:51:07.609932+00:00,1121,3,SkipList,max,50000,2,7350,7.35e-06,8296775,0,
2025-08-10T223952Z-16d02c,2025-08-10T23:51:07.609932+00:00,1121,4,SkipList,max,50000,3,8480,8.48e-06,8339267,0,
2025-08-10T223952Z-16d02c,2025-08-10T23:51:07.609932+00:00,1121,5,SkipList,max,50000,4,23850,2.385e-05,8376439,0,
2025-08-10T223952Z-16d02c,2025-08-10T23:51:07.609932+00:00,1121,1,SkipList,min,50000,0,2160,2.16e-06,8196623,0,
2025-08-10T223952Z-16d02c,2025-08-10T23:51:07.609932+00:00,1121,2,SkipList,min,50000,1,2250,2.25e-06,8230187,0,
2025-08-10T223952Z-16d02c,2025-08-10T23:51:07.609932+00:00,1121,3,SkipList,min,50000,2,1870,1.87e-06,8296899,0,
2025-08-10T223952Z-16d02c,2025-08-10T23:51:07.609932+00:00,1121,4,SkipList,min,50000,3,3131,3.131e-06,8339391,0,
2025-08-10T223952Z-16d02c,2025-08-10T23:51:07.609932+00:00,1121,5,SkipList,min,50000,4,3030,3.03e-06,8376595,0,
2025-08-10T223952Z-16d02c,2025-08-10T23:51:07.609932+00:00,1121,1,SkipList,insert,50000,0,134434497,0.13443449,8839043,0,
2025-08-10T223952Z-16d02c,2025-08-10T23:51:07.609932+00:00,1121,2,SkipList,insert,50000,1,147762233,0.14776224,8866631,0,
2025-08-10T223952Z-16d02c,2025-08-10T23:51:07.609932+00:00,1121,3,SkipList,insert,50000,2,128477598,0.1284776,8926879,0,
2025-08-10T223952Z-16d02c,2025-08-10T23:51:07.609932+00:00,1121,4,SkipList,insert,50000,3,142119665,0.14211966,8958195,0,
2025-08-10T223952Z-16d02c,2025-08-10T23:51:07.609932+00:00,1121,5,SkipList,insert,50000,4,173933705,0.1739337,8996207,0,
2025-08-10T223952Z-16d02c,2025-08-10T23:51:07.609932+00:00,1121,1,LAT,creation,100,0,2146070,0.00214607,398471,0,114995200
2025-08-10T223952Z-16d02c,2025-08-10T23:51:07.609932+00:00,1121,2,LAT,creation,100,1,1252040,0.00125204,441959,0,166621184
2025-08-10T223952Z-16d02c,2025-08-10T23:51:07.609932+00:00,1121,3,LAT,creation,100,2,2033639,0.002033639,477711,0,154533888
2025-08-10T223952Z-16d02c,2025-08-10T23:51:07.609932+00:00,1121,4,LAT,creation,100,3,1342869,0.001342869,520711,0,171220992
2025-08-10T223952Z-16d02c,2025-08-10T23:51:07.609932+00:00,1121,5,LAT,creation,100,4,1209470,0.00120947,558083,0,172531712
2025-08-10T223952Z-16d02c,2025-08-10T23:51:07.609932+00:00,1121,1,LAT,search,100,0,1470779,0.001470779,384779,0,
2025-08-10T223952Z-16d02c,2025-08-10T23:51:07.609932+00:00,1121,2,LAT,search,100,1,819940,0.00081994,431739,0,
2025-08-10T223952Z-16d02c,2025-08-10T23:51:07.609932+00:00,1121,3,LAT,search,100,2,1441400,0.0014414,467555,0,
2025-08-10T223952Z-16d02c,2025-08-10T23:51:07.609932+00:00,1121,4,LAT,search,100,3,741910,0.00074191,509107,0,
2025-08-10T223952Z-16d02c,2025-08-10T23:51:07.609932+00:00,1121,5,LAT,search,100,4,853390,0.00085339,547207,0,
2025-08-10T223952Z-16d02c,2025-08-10T23:51:07.609932+00:00,1121,1,LAT,max,100,0,21720,2.172e-05,384543,0,
2025-08-10T223952Z-16d02c,2025-08-10T23:51:07.609932+00:00,1121,2,LAT,max,100,1,16810,1.681e-05,431415,0,
2025-08-10T223952Z-16d02c,2025-08-10T23:51:07.609932+00:00,1121,3,LAT,max,100,2,19460,1.946e-05,467231,0,
2025-08-10T223952Z-16d02c,2025-08-10T23:51:07.609932+00:00,1121,4,LAT,max,100,3,11520,1.152e-05,508783,0,
2025-08-10T223952Z-16d02c,2025-08-10T23:51:07.609932+00:00,1121,5,LAT,max,100,4,18000,1.8e-05,546915,0,
2025-08-10T223952Z-16d02c,2025-08-10T23:51:07.609932+00:00,1121,1,LAT,min,100,0,20710,2.071e-05,384875,0,
2025-08-10T223952Z-16d02c,2025-08-10T23:51:07.609932+00:00,1121,2,LAT,min,100,1,26150,2.615e-05,431659,0,
2025-08-10T223952Z-16d02c,2025-08-10T23:51:07.609932+00:00,1121,3,LAT,min,100,2,17270,1.727e-05,467475,0,
2025-08-10T223952Z-16d02c,2025-08-10T23:51:07.609932+00:00,1121,4,LAT,min,100,3,9470,9.47e-06,509027,0,
2025-08-10T223952Z-16d02c,2025-08-10T23:51:07.609932+00:00,1121,5,LAT,min,100,4,10040,1.004e-05,547191,0,
2025-08-10T223952Z-16d02c,2025-08-10T23:51:07.609932+00:00,1121,1,LAT,insert,100,0,472750,0.00047275,389215,0,
2025-08-10T223952Z-16d02c,2025-08-10T23:51:07.609932+00:00,1121,2,LAT,insert,100,1,293310,0.00029331,434431,0,
2025-08-10T223952Z-16d02c,2025-08-10T23:51:07.609932+00:00,1121,3,LAT,insert,100,2,366150,0.00036615,471679,0,
2025-08-10T223952Z-16d02c,2025-08-10T23:51:07.609932+00:00,1121,4,LAT,insert,100,3,242400,0.0002424,513679,0,
2025-08-10T223952Z-16d02c,2025-08-10T23:51:07.609932+00:00,1121,5,LAT,insert,100,4,287340,0.00028734,550371,0,
2025-08-10T223952Z-16d02c,2025-08-10T23:51:07.609932+00:00,1121,1,LAT,creation,1000,0,11366929,0.011366929,729183,131072,116305920
2025-08-10T223952Z-16d02c,2025-08-10T23:51:07.609932+00:00,1121,2,LAT,creation,1000,1,11261048,0.011261048,778935,0,166621184
2025-08-10T223952Z-16d02c,2025-08-10T23:51:07.609932+00:00,1121,3,LAT,creation,1000,2,15305937,0.015305937,812807,0,154533888
2025-08-10T223952Z-16d02c,2025-08-10T23:51:07.609932+00:00,1121,4,LAT,creation,1000,3,12452998,0.012452998,854743,0,171220992
2025-08-10T223952Z-16d02c,2025-08-10T23:51:07.609932+00:00,1121,5,LAT,creation,1000,4,10625158,0.010625158,893443,0,172531712
2025-08-10T223952Z-16d02c,2025-08-10T23:51:07.609932+00:00,1121,1,LAT,search,1000,0,9174178,0.009174178,587259,0,
2025-08-10T223952Z-16d02c,2025-08-10T23:51:07.609932+00:00,1121,2,LAT,search,1000,1,8507579,0.008507579,634443,0,
2025-08-10T223952Z-16d02c,2025-08-10T23:51:07.609932+00:00,1121,3,LAT,search,1000,2,13020288,0.013020288,669715,0,
2025-08-10T223952Z-16d02c,2025-08-10T23:51:07.609932+00:00,1121,4,LAT,search,1000,3,11320928,0.011320928,709523,0,
2025-08-10T223952Z-16d02c,2025-08-10T23:51:07.609932+00:00,1121,5,LAT,search,1000,4,8335469,0.008335469,749079,0,
2025-08-10T223952Z-16d02c,2025-08-10T23:51:07.609932+00:00,1121,1,LAT,max,1000,0,27120,2.712e-05,587055,0,
2025-08-10T223952Z-16d02c,2025-08-10T23:51:07.609932+00:00,1121,2,LAT,max,1000,1,16000,1.6e-05,634151,0,
2025-08-10T223952Z-16d02c,2025-08-10T23:51:07.609932+00:00,1121,3,LAT,max,1000,2,41600,4.16e-05,669511,0,
2025-08-10T223952Z-16d02c,2025-08-10T23:51:07.609932+00:00,1121,4,LAT,max,1000,3,21489,2.1489e-05,709231,0,
2025-08-10T223952Z-16d02c,2025-08-10T23:51:07.609932+00:00,1121,5,LAT,max,1000,4,13370,1.337e-05,748819,0,
2025-08-10T223952Z-16d02c,2025-08-10T23:51:07.609932+00:00,1121,1,LAT,min,1000,0,20100,2.01e-05,587355,0,
2025-08-10T223952Z-16d02c,2025-08-10T23:51:07.609932+00:00,1121,2,LAT,min,1000,1,10920,1.092e-05,634363,0,
2025-08-10T223952Z-16d02c,2025-08-10T23:51:07.609932+00:00,1121,3,LAT,min,1000,2,17960,1.796e-05,669635,0,
2025-08-10T223952Z-16d02c,2025-08-10T23:51:07.609932+00:00,1121,4,LAT,min,1000,3,17689,1.7689e-05,709443,0,
2025-08-10T223952Z-16d02c,2025-08-10T23:51:07.609932+00:00,1121,5,LAT,min,1000,4,10710,1.071e-05,749063,0,
2025-08-10T223952Z-16d02c,2025-08-10T23:51:07.609932+00:00,1121,1,LAT,insert,1000,0,2551240,0.00255124,591583,0,
2025-08-10T223952Z-16d02c,2025-08-10T23:51:07.609932+00:00,1121,2,LAT,insert,1000,1,2379739,0.002379739,638687,0,
2025-08-10T223952Z-16d02c,2025-08-10T23:51:07.609932+00:00,1121,3,LAT,insert,1000,2,4142909,0.004142909,675511,0,
2025-08-10T223952Z-16d02c,2025-08-10T23:51:07.609932+00:00,1121,4,LAT,insert,1000,3,2632410,0.00263241,713631,0,
2025-08-10T223952Z-16d02c,2025-08-10T23:51:07.609932+00:00,1121,5,LAT,insert,1000,4,2279500,0.0022795,753899,0,
2025-08-10T223952Z-16d02c,2025-08-10T23:51:07.609932+00:00,1121,1,LAT,creation,5000,0,56270002,0.056270003,1855803,0,121032704
2025-08-10T223952Z-16d02c,2025-08-10T23:51:07.609932+00:00,1121,2,LAT,creation,5000,1,57491600,0.0574916,1899763,0,166621184
2025-08-10T223952Z-16d02c,2025-08-10T23:51:07.609932+00:00,1121,3,LAT,creation,5000,2,69057497,0.069057494,1940807,0,154533888
2025-08-10T223952Z-16d02c,2025-08-10T23:51:07.609932+00:00,1121,4,LAT,creation,5000,3,53471861,0.05347186,1972999,0,171220992
2025-08-10T223952Z-16d02c,2025-08-10T23:51:07.609932+00:00,1121,5,LAT,creation,5000,4,54937420,0.05493742,2014615,0,172531712
2025-08-10T223952Z-16d02c,2025-08-10T23:51:07.609932+00:00,1121,1,LAT,search,5000,0,44589274,0.044589274,1115159,0,
2025-08-10T223952Z-16d02c,2025-08-10T23:51:07.609932+00:00,1121,2,LAT,search,5000,1,56479200,0.0564792,1159327,0,
2025-08-10T223952Z-16d02c,2025-08-10T23:51:07.609932+00:00,1121,3,LAT,search,5000,2,54114700,0.0541147,1200995,0,
2025-08-10T223952Z-16d02c,2025-08-10T23:51:07.609932+00:00,1121,4,LAT,search,5000,3,51755302,0.0517553,1233923,0,
2025-08-10T223952Z-16d02c,2025-08-10T23:51:07.609932+00:00,1121,5,LAT,search,5000,4,43758242,0.043758243,1276683,0,
2025-08-10T223952Z-16d02c,2025-08-10T23:51:07.609932+00:00,1121,1,LAT,max,5000,0,18211,1.8211e-05,1114923,0,
2025-08-10T223952Z-16d02c,2025-08-10T23:51:07.609932+00:00,1121,2,LAT,max,5000,1,31670,3.167e-05,1159003,0,
2025-08-10T223952Z-16d02c,2025-08-10T23:51:07.609932+00:00,1121,3,LAT,max,5000,2,16940,1.694e-05,1200583,0,
2025-08-10T223952Z-16d02c,2025-08-10T23:51:07.609932+00:00,1121,4,LAT,max,5000,3,19160,1.916e-05,1233599,0,
2025-08-10T223952Z-16d02c,2025-08-10T23:51:07.609932+00:00,1121,5,LAT,max,5000,4,14490,1.449e-05,1276391,0,
2025-08-10T223952Z-16d02c,2025-08-10T23:51:07.609932+00:00,1121,1,LAT,min,5000,0,11740,1.174e-05,1115223,0,
2025-08-10T223952Z-16d02c,2025-08-10T23:51:07.609932+00:00,1121,2,LAT,min,5000,1,23120,2.312e-05,1159215,0,
2025-08-10T223952Z-16d02c,2025-08-10T23:51:07.609932+00:00,1121,3,LAT,min,5000,2,12340,1.234e-05,1200795,0,
2025-08-10T223952Z-16d02c,2025-08-10T23:51:07.609932+00:00,1121,4,LAT,min,5000,3,19471,1.9471e-05,1233811,0,
2025-08-10T223952Z-16d02c,2025-08-10T23:51:07.609932+00:00,1121,5,LAT,min,5000,4,17980,1.798e-05,1276635,0,
2025-08-10T223952Z-16d02c,2025-08-10T23:51:07.609932+00:00,1121,1,LAT,insert,5000,0,13447918,0.013447918,1140107,0,
2025-08-10T223952Z-16d02c,2025-08-10T23:51:07.609932+00:00,1121,2,LAT,insert,5000,1,16535927,0.016535927,1185731,0,
2025-08-10T223952Z-16d02c,2025-08-10T23:51:07.609932+00:00,1121,3,LAT,insert,5000,2,18399307,0.018399308,1223591,0,
2025-08-10T223952Z-16d02c,2025-08-10T23:51:07.609932+00:00,1121,4,LAT,insert,5000,3,16083278,0.016083278,1257655,0,
2025-08-10T223952Z-16d02c,2025-08-10T23:51:07.609932+00:00,1121,5,LAT,insert,5000,4,12142078,0.012142078,1300015,0,
2025-08-10T223952Z-16d02c,2025-08-10T23:51:07.609932+00:00,1121,1,LAT,creation,10000,0,112634143,0.112634145,3952751,0,129593344
2025-08-10T223952Z-16d02c,2025-08-10T23:51:07.609932+00:00,1121,2,LAT,creation,10000,1,122355128,0.122355126,3979547,0,166621184
2025-08-10T223952Z-16d02c,2025-08-10T23:51:07.609932+00:00,1121,3,LAT,creation,10000,2,125445248,0.12544525,4025163,0,156499968
2025-08-10T223952Z-16d02c,2025-08-10T23:51:07.609932+00:00,1121,4,LAT,creation,10000,3,107558652,0.10755865,4041787,0,171220992
2025-08-10T223952Z-16d02c,2025-08-10T23:51:07.609932+00:00,1121,5,LAT,creation,10000,4,112823030,0.11282303,4114767,0,172531712
2025-08-10T223952Z-16d02c,2025-08-10T23:51:07.609932+00:00,1121,1,LAT,search,10000,0,98454445,0.098454446,2468131,0,
2025-08-10T223952Z-16d02c,2025-08-10T23:51:07.609932+00:00,1121,2,LAT,search,10000,1,97648463,0.097648464,2498575,0,
2025-08-10T223952Z-16d02c,2025-08-10T23:51:07.609932+00:00,1121,3,LAT,search,10000,2,95271573,0.09527157,2537199,0,
2025-08-10T223952Z-16d02c,2025-08-10T23:51:07.609932+00:00,1121,4,LAT,search,10000,3,106316991,0.10631699,2572951,0,
2025-08-10T223952Z-16d02c,2025-08-10T23:51:07.609932+00:00,1121,5,LAT,search,10000,4,103409401,0.1034094,2619403,0,
2025-08-10T223952Z-16d02c,2025-08-10T23:51:07.609932+00:00,1121,1,LAT,max,10000,0,28689,2.8689e-05,2467779,0,
2025-08-10T223952Z-16d02c,2025-08-10T23:51:07.609932+00:00,1121,2,LAT,max,10000,1,15890,1.589e-05,2498163,0,
2025-08-10T223952Z-16d02c,2025-08-10T23:51:07.609932+00:00,1121,3,LAT,max,10000,2,16020,1.602e-05,2536787,0,
2025-08-10T223952Z-16d02c,2025-08-10T23:51:07.609932+00:00,1121,4,LAT,max,10000,3,16510,1.651e-05,2572539,0,
2025-08-10T223952Z-16d02c,2025-08-10T23:51:07.609932+00:00,1121,5,LAT,max,10000,4,23650,2.365e-05,2619023,0,
2025-08-10T223952Z-16d02c,2025-08-10T23:51:07.609932+00:00,1121,1,LAT,min,10000,0,20220,2.022e-05,2468079,0,
2025-08-10T223952Z-16d02c,2025-08-10T23:51:07.609932+00:00,1121,2,LAT,min,10000,1,11950,1.195e-05,2498375,0,
2025-08-10T223952Z-16d02c,2025-08-10T23:51:07.609932+00:00,1121,3,LAT,min,10000,2,12190,1.219e-05,2536999,0,
2025-08-10T223952Z-16d02c,2025-08-10T23:51:07.609932+00:00,1121,4,LAT,min,10000,3,12210,1.221e-05,2572751,0,
2025-08-10T223952Z-16d02c,2025-08-10T23:51:07.609932+00:00,1121,5,LAT,min,10000,4,11830,1.183e-05,2619267,0,
2025-08-10T223952Z-16d02c,2025-08-10T23:51:07.609932+00:00,1121,1,LAT,insert,10000,0,27254866,0.027254866,2505899,0,
2025-08-10T223952Z-16d02c,2025-08-10T23:51:07.609932+00:00,1121,2,LAT,insert,10000,1,24466885,0.024466885,2546611,0,
2025-08-10T223952Z-16d02c,2025-08-10T23:51:07.609932+00:00,1121,3,LAT,insert,10000,2,28255954,0.028255954,2584731,0,
2025-08-10T223952Z-16d02c,2025-08-10T23:51:07.609932+00:00,1121,4,LAT,insert,10000,3,23410366,0.023410367,2618459,0,
2025-08-10T223952Z-16d02c,2025-08-10T23:51:07.609932+00:00,1121,5,LAT,insert,10000,4,25130076,0.025130076,2665791,0,
2025-08-10T223952Z-16d02c,2025-08-10T23:51:07.609932+00:00,1121,1,LAT,creation,50000,0,580624149,0.58062416,11613191,131072,165785600
2025-08-10T223952Z-16d02c,2025-08-10T23:51:07.609932+00:00,1121,2,LAT,creation,50000,1,580576946,0.58057696,11639075,0,170029056
2025-08-10T223952Z-16d02c,2025-08-10T23:51:07.609932+00:00,1121,3,LAT,creation,50000,2,556449285,0.5564493,11704807,0,172228608
2025-08-10T223952Z-16d02c,2025-08-10T23:51:07.609932+00:00,1121,4,LAT,creation,50000,3,592538095,0.5925381,11738231,131072,172531712
2025-08-10T223952Z-16d02c,2025-08-10T23:51:07.609932+00:00,1121,5,LAT,creation,50000,4,890601331,0.89060134,11774067,0,173187072
2025-08-10T223952Z-16d02c,2025-08-10T23:51:07.609932+00:00,1121,1,LAT,search,50000,0,491587644,0.49158764,4153643,0,
2025-08-10T223952Z-16d02c,2025-08-10T23:51:07.609932+00:00,1121,2,LAT,search,50000,1,546287962,0.54628795,4190739,0,
2025-08-10T223952Z-16d02c,2025-08-10T23:51:07.609932+00:00,1121,3,LAT,search,50000,2,485676647,0.48567665,4233939,0,
2025-08-10T223952Z-16d02c,2025-08-10T23:51:07.609932+00:00,1121,4,LAT,search,50000,3,575943458,0.57594347,4275595,0,
2025-08-10T223952Z-16d02c,2025-08-10T23:51:07.609932+00:00,1121,5,LAT,search,50000,4,512212536,0.5122125,4313859,0,
2025-08-10T223952Z-16d02c,2025-08-10T23:51:07.609932+00:00,1121,1,LAT,max,50000,0,27860,2.786e-05,4153531,0,
2025-08-10T223952Z-16d02c,2025-08-10T23:51:07.609932+00:00,1121,2,LAT,max,50000,1,31929,3.1929e-05,4190503,0,
2025-08-10T223952Z-16d02c,2025-08-10T23:51:07.609932+00:00,1121,3,LAT,max,50000,2,23740,2.374e-05,4233707,0,
2025-08-10T223952Z-16d02c,2025-08-10T23:51:07.609932+00:00,1121,4,LAT,max,50000,3,21550,2.155e-05,4273667,0,
2025-08-10T223952Z-16d02c,2025-08-10T23:51:07.609932+00:00,1121,5,LAT,max,50000,4,36460,3.646e-05,4313567,0,
2025-08-10T223952Z-16d02c,2025-08-10T23:51:07.609932+00:00,1121,1,LAT,min,50000,0,22200,2.22e-05,4153711,0,
2025-08-10T223952Z-16d02c,2025-08-10T23:51:07.609932+00:00,1121,2,LAT,min,50000,1,20960,2.096e-05,4190627,0,
2025-08-10T223952Z-16d02c,2025-08-10T23:51:07.609932+00:00,1121,3,LAT,min,50000,2,19840,1.984e-05,4233831,0,
2025-08-10T223952Z-16d02c,2025-08-10T23:51:07.609932+00:00,1121,4,LAT,min,50000,3,19420,1.942e-05,4273791,0,
2025-08-10T223952Z-16d02c,2025-08-10T23:51:07.609932+00:00,1121,5,LAT,min,50000,4,36370,3.637e-05,4313723,0,
2025-08-10T223952Z-16d02c,2025-08-10T23:51:07.609932+00:00,1121,1,LAT,insert,50000,0,136613906,0.1366139,4297411,0,
2025-08-10T223952Z-16d02c,2025-08-10T23:51:07.609932+00:00,1121,2,LAT,insert,50000,1,134589375,0.13458937,4332991,0,
2025-08-10T223952Z-16d02c,2025-08-10T23:51:07.609932+00:00,1121,3,LAT,insert,50000,2,139015086,0.1390151,4374947,0,
2025-08-10T223952Z-16d02c,2025-08-10T23:51:07.609932+00:00,1121,4,LAT,insert,50000,3,142149565,0.14214957,4412219,0,
2025-08-10T223952Z-16d02c,2025-08-10T23:51:07.609932+00:00,1121,5,LAT,insert,50000,4,161952646,0.16195264,4452423,0,
2025-08-10T223952Z-16d02c,2025-08-10T23:51:07.609932+00:00,1121,1,linkedList,creation,100,0,719030,0.00071903,407356,0,114995200
2025-08-10T223952Z-16d02c,2025-08-10T23:51:07.609932+00:00,1121,2,linkedList,creation,100,1,398660,0.00039866,449684,0,166621184
2025-08-10T223952Z-16d02c,2025-08-10T23:51:07.609932+00:00,1121,3,linkedList,creation,100,2,683430,0.00068343,486956,0,154533888
2025-08-10T223952Z-16d02c,2025-08-10T23:51:07.609932+00:00,1121,4,linkedList,creation,100,3,431060,0.00043106,528836,0,171220992
2025-08-10T223952Z-16d02c,2025-08-10T23:51:07.609932+00:00,1121,5,linkedList,creation,100,4,372180,0.00037218,565520,0,172531712
2025-08-10T223952Z-16d02c,2025-08-10T23:51:07.609932+00:00,1121,1,linkedList,search,100,0,401890,0.00040189,368280,0,
2025-08-10T223952Z-16d02c,2025-08-10T23:51:07.609932+00:00,1121,2,linkedList,search,100,1,328980,0.00032898,417736,0,
2025-08-10T223952Z-16d02c,2025-08-10T23:51:07.609932+00:00,1121,3,linkedList,search,100,2,387720,0.00038772,455408,0,
2025-08-10T223952Z-16d02c,2025-08-10T23:51:07.609932+00:00,1121,4,linkedList,search,100,3,248820,0.00024882,493600,0,
2025-08-10T223952Z-16d02c,2025-08-10T23:51:07.609932+00:00,1121,5,linkedList,search,100,4,237120,0.00023712,531860,0,
2025-08-10T223952Z-16d02c,2025-08-10T23:51:07.609932+00:00,1121,1,linkedList,max,100,0,3140,3.14e-06,367923,0,
2025-08-10T223952Z-16d02c,2025-08-10T23:51:07.609932+00:00,1121,2,linkedList,max,100,1,1960,1.96e-06,417291,0,
2025-08-10T223952Z-16d02c,2025-08-10T23:51:07.609932+00:00,1121,3,linkedList,max,100,2,2531,2.531e-06,454963,0,
2025-08-10T223952Z-16d02c,2025-08-10T23:51:07.609932+00:00,1121,4,linkedList,max,100,3,1450,1.45e-06,493155,0,
2025-08-10T223952Z-16d02c,2025-08-10T23:51:07.609932+00:00,1121,5,linkedList,max,100,4,1469,1.469e-06,531447,0,
2025-08-10T223952Z-16d02c,2025-08-10T23:51:07.609932+00:00,1121,1,linkedList,min,100,0,2930,2.93e-06,368191,0,
2025-08-10T223952Z-16d02c,2025-08-10T23:51:07.609932+00:00,1121,2,linkedList,min,100,1,1490,1.49e-06,417471,0,
2025-08-10T223952Z-16d02c,2025-08-10T23:51:07.609932+00:00,1121,3,linkedList,min,100,2,2331,2.331e-06,455143,0,
2025-08-10T223952Z-16d02c,2025-08-10T23:51:07.609932+00:00,1121,4,linkedList,min,100,3,2620,2.62e-06,493335,0,
2025-08-10T223952Z-16d02c,2025-08-10T23:51:07.609932+00:00,1121,5,linkedList,min,100,4,1629,1.629e-06,531659,0,
2025-08-10T223952Z-16d02c,2025-08-10T23:51:07.609932+00:00,1121,1,linkedList,insert,100,0,158360,0.00015836,373020,0,
2025-08-10T223952Z-16d02c,2025-08-10T23:51:07.609932+00:00,1121,2,linkedList,insert,100,1,96880,9.688e-05,422212,0,
2025-08-10T223952Z-16d02c,2025-08-10T23:51:07.609932+00:00,1121,3,linkedList,insert,100,2,152209,0.000152209,459884,0,
2025-08-10T223952Z-16d02c,2025-08-10T23:51:07.609932+00:00,1121,4,linkedList,insert,100,3,101700,0.0001017,498076,0,
2025-08-10T223952Z-16d02c,2025-08-10T23:51:07.609932+00:00,1121,5,linkedList,insert,100,4,84460,8.446e-05,536432,0,
2025-08-10T223952Z-16d02c,2025-08-10T23:51:07.609932+00:00,1121,1,linkedList,creation,1000,0,12871948,0.012871948,743756,0,116305920
2025-08-10T223952Z-16d02c,2025-08-10T23:51:07.609932+00:00,1121,2,linkedList,creation,1000,1,17936557,0.017936558,790732,0,166621184
2025-08-10T223952Z-16d02c,2025-08-10T23:51:07.609932+00:00,1121,3,linkedList,creation,1000,2,16481488,0.016481487,827508,0,154533888
2025-08-10T223952Z-16d02c,2025-08-10T23:51:07.609932+00:00,1121,4,linkedList,creation,1000,3,12320248,0.012320248,865580,0,171220992
2025-08-10T223952Z-16d02c,2025-08-10T23:51:07.609932+00:00,1121,5,linkedList,creation,1000,4,13477978,0.013477978,905840,0,172531712
2025-08-10T223952Z-16d02c,2025-08-10T23:51:07.609932+00:00,1121,1,linkedList,search,1000,0,29498876,0.029498875,603856,0,
2025-08-10T223952Z-16d02c,2025-08-10T23:51:07.609932+00:00,1121,2,linkedList,search,1000,1,17369117,0.017369118,649792,0,
2025-08-10T223952Z-16d02c,2025-08-10T23:51:07.609932+00:00,1121,3,linkedList,search,1000,2,23135386,0.023135386,687344,0,
2025-08-10T223952Z-16d02c,2025-08-10T23:51:07.609932+00:00,1121,4,linkedList,search,1000,3,22035826,0.022035826,725032,0,
2025-08-10T223952Z-16d02c,2025-08-10T23:51:07.609932+00:00,1121,5,linkedList,search,1000,4,21801526,0.021801526,764476,0,
2025-08-10T223952Z-16d02c,2025-08-10T23:51:07.609932+00:00,1121,1,linkedList,max,1000,0,2830,2.83e-06,603723,0,
2025-08-10T223952Z-16d02c,2025-08-10T23:51:07.609932+00:00,1121,2,linkedList,max,1000,1,3270,3.27e-06,649259,0,
2025-08-10T223952Z-16d02c,2025-08-10T23:51:07.609932+00:00,1121,3,linkedList,max,1000,2,2940,2.94e-06,686931,0,
2025-08-10T223952Z-16d02c,2025-08-10T23:51:07.609932+00:00,1121,4,linkedList,max,1000,3,4090,4.09e-06,724707,0,
2025-08-10T223952Z-16d02c,2025-08-10T23:51:07.609932+00:00,1121,5,linkedList,max,1000,4,2490,2.49e-06,764183,0,
2025-08-10T223952Z-16d02c,2025-08-10T23:51:07.609932+00:00,1121,1,linkedList,min,1000,0,1850,1.85e-06,603839,0,
2025-08-10T223952Z-16d02c,2025-08-10T23:51:07.609932+00:00,1121,2,linkedList,min,1000,1,2190,2.19e-06,649407,0,
2025-08-10T223952Z-16d02c,2025-08-10T23:51:07.609932+00:00,1121,3,linkedList,min,1000,2,2230,2.23e-06,687079,0,
2025-08-10T223952Z-16d02c,2025-08-10T23:51:07.609932+00:00,1121,4,linkedList,min,1000,3,2090,2.09e-06,724767,0,
2025-08-10T223952Z-16d02c,2025-08-10T23:51:07.609932+00:00,1121,5,linkedList,min,1000,4,1700,1.7e-06,764275,0,
2025-08-10T223952Z-16d02c,2025-08-10T23:51:07.609932+00:00,1121,1,linkedList,insert,1000,0,2731250,0.00273125,642868,0,
2025-08-10T223952Z-16d02c,2025-08-10T23:51:07.609932+00:00,1121,2,linkedList,insert,1000,1,2470039,0.002470039,688348,0,
2025-08-10T223952Z-16d02c,2025-08-10T23:51:07.609932+00:00,1121,3,linkedList,insert,1000,2,3512129,0.003512129,726020,0,
2025-08-10T223952Z-16d02c,2025-08-10T23:51:07.609932+00:00,1121,4,linkedList,insert,1000,3,3846599,0.003846599,763708,0,
2025-08-10T223952Z-16d02c,2025-08-10T23:51:07.609932+00:00,1121,5,linkedList,insert,1000,4,2549949,0.002549949,803248,0,
2025-08-10T223952Z-16d02c,2025-08-10T23:51:07.609932+00:00,1121,1,linkedList,creation,5000,0,329919350,0.32991934,1900176,131072,121163776
2025-08-10T223952Z-16d02c,2025-08-10T23:51:07.609932+00:00,1121,2,linkedList,creation,5000,1,328927542,0.32892755,1945516,0,166621184
2025-08-10T223952Z-16d02c,2025-08-10T23:51:07.609932+00:00,1121,3,linkedList,creation,5000,2,360179655,0.36017966,1983452,0,154533888
2025-08-10T223952Z-16d02c,2025-08-10T23:51:07.609932+00:00,1121,4,linkedList,creation,5000,3,326261023,0.326261,2017468,0,171220992
2025-08-10T223952Z-16d02c,2025-08-10T23:51:07.609932+00:00,1121,5,linkedList,creation,5000,4,343212019,0.343212,2059660,0,172531712
2025-08-10T223952Z-16d02c,2025-08-10T23:51:07.609932+00:00,1121,1,linkedList,search,5000,0,693954895,0.6939549,1527056,0,
2025-08-10T223952Z-16d02c,2025-08-10T23:51:07.609932+00:00,1121,2,linkedList,search,5000,1,699290667,0.6992907,1572064,0,
2025-08-10T223952Z-16d02c,2025-08-10T23:51:07.609932+00:00,1121,3,linkedList,search,5000,2,861383335,0.8613833,1609808,0,
2025-08-10T223952Z-16d02c,2025-08-10T23:51:07.609932+00:00,1121,4,linkedList,search,5000,3,726371825,0.7263718,1647520,0,
2025-08-10T223952Z-16d02c,2025-08-10T23:51:07.609932+00:00,1121,5,linkedList,search,5000,4,797865018,0.79786503,1687836,0,
2025-08-10T223952Z-16d02c,2025-08-10T23:51:07.609932+00:00,1121,1,linkedList,max,5000,0,4520,4.52e-06,1526699,0,
2025-08-10T223952Z-16d02c,2025-08-10T23:51:07.609932+00:00,1121,2,linkedList,max,5000,1,4540,4.54e-06,1571619,0,
2025-08-10T223952Z-16d02c,2025-08-10T23:51:07.609932+00:00,1121,3,linkedList,max,5000,2,2780,2.78e-06,1609279,0,
2025-08-10T223952Z-16d02c,2025-08-10T23:51:07.609932+00:00,1121,4,linkedList,max,5000,3,2620,2.62e-06,1646991,0,
2025-08-10T223952Z-16d02c,2025-08-10T23:51:07.609932+00:00,1121,5,linkedList,max,5000,4,5040,5.04e-06,1687511,0,
2025-08-10T223952Z-16d02c,2025-08-10T23:51:07.609932+00:00,1121,1,linkedList,min,5000,0,2850,2.85e-06,1526935,0,
2025-08-10T223952Z-16d02c,2025-08-10T23:51:07.609932+00:00,1121,2,linkedList,min,5000,1,2490,2.49e-06,1571767,0,
2025-08-10T223952Z-16d02c,2025-08-10T23:51:07.609932+00:00,1121,3,linkedList,min,5000,2,3010,3.01e-06,1609427,0,
2025-08-10T223952Z-16d02c,2025-08-10T23:51:07.609932+00:00,1121,4,linkedList,min,5000,3,1669,1.669e-06,1647139,0,
2025-08-10T223952Z-16d02c,2025-08-10T23:51:07.609932+00:00,1121,5,linkedList,min,5000,4,2680,2.68e-06,1687603,0,
2025-08-10T223952Z-16d02c,2025-08-10T23:51:07.609932+00:00,1121,1,linkedList,insert,5000,0,63715181,0.06371518,1717964,0,
2025-08-10T223952Z-16d02c,2025-08-10T23:51:07.609932+00:00,1121,2,linkedList,insert,5000,1,66093658,0.06609366,1762708,0,
2025-08-10T223952Z-16d02c,2025-08-10T23:51:07.609932+00:00,1121,3,linkedList,insert,5000,2,78059226,0.078059226,1800368,0,
2025-08-10T223952Z-16d02c,2025-08-10T23:51:07.609932+00:00,1121,4,linkedList,insert,5000,3,61415009,0.06141501,1838080,0,
2025-08-10T223952Z-16d02c,2025-08-10T23:51:07.609932+00:00,1121,5,linkedList,insert,5000,4,78714566,0.078714564,1878576,0,
2025-08-10T223952Z-16d02c,2025-08-10T23:51:07.609932+00:00,1121,1,linkedList,creation,10000,0,1618051563,1.6180515,4026048,0,129593344
2025-08-10T223952Z-16d02c,2025-08-10T23:51:07.609932+00:00,1121,2,linkedList,creation,10000,1,1485953439,1.4859535,4066416,0,166621184
2025-08-10T223952Z-16d02c,2025-08-10T23:51:07.609932+00:00,1121,3,linkedList,creation,10000,2,1621790968,1.621791,4104672,0,156499968
2025-08-10T223952Z-16d02c,2025-08-10T23:51:07.609932+00:00,1121,4,linkedList,creation,10000,3,1486306623,1.4863067,4138404,0,171220992
2025-08-10T223952Z-16d02c,2025-08-10T23:51:07.609932+00:00,1121,5,linkedList,creation,10000,4,1515751040,1.515751,4185492,0,172531712
2025-08-10T223952Z-16d02c,2025-08-10T23:51:07.609932+00:00,1121,1,linkedList,search,10000,0,3193281832,3.193282,3348064,0,
2025-08-10T223952Z-16d02c,2025-08-10T23:51:07.609932+00:00,1121,2,linkedList,search,10000,1,3315230316,3.3152304,3391363,0,
2025-08-10T223952Z-16d02c,2025-08-10T23:51:07.609932+00:00,1121,3,linkedList,search,10000,2,3834998958,3.8349988,3429011,0,
2025-08-10T223952Z-16d02c,2025-08-10T23:51:07.609932+00:00,1121,4,linkedList,search,10000,3,3036989815,3.03699,3464956,0,
2025-08-10T223952Z-16d02c,2025-08-10T23:51:07.609932+00:00,1121,5,linkedList,search,10000,4,3163462338,3.1634624,3508023,0,
2025-08-10T223952Z-16d02c,2025-08-10T23:51:07.609932+00:00,1121,1,linkedList,max,10000,0,3610,3.61e-06,3347711,0,
2025-08-10T223952Z-16d02c,2025-08-10T23:51:07.609932+00:00,1121,2,linkedList,max,10000,1,4070,4.07e-06,3389295,0,
2025-08-10T223952Z-16d02c,2025-08-10T23:51:07.609932+00:00,1121,3,linkedList,max,10000,2,3160,3.16e-06,3426855,0,
2025-08-10T223952Z-16d02c,2025-08-10T23:51:07.609932+00:00,1121,4,linkedList,max,10000,3,3060,3.06e-06,3464515,0,
2025-08-10T223952Z-16d02c,2025-08-10T23:51:07.609932+00:00,1121,5,linkedList,max,10000,4,4450,4.45e-06,3505987,0,
2025-08-10T223952Z-16d02c,2025-08-10T23:51:07.609932+00:00,1121,1,linkedList,min,10000,0,2280,2.28e-06,3347947,0,
2025-08-10T223952Z-16d02c,2025-08-10T23:51:07.609932+00:00,1121,2,linkedList,min,10000,1,3300,3.3e-06,3389355,0,
2025-08-10T223952Z-16d02c,2025-08-10T23:51:07.609932+00:00,1121,3,linkedList,min,10000,2,2210,2.21e-06,3427091,0,
2025-08-10T223952Z-16d02c,2025-08-10T23:51:07.609932+00:00,1121,4,linkedList,min,10000,3,1590,1.59e-06,3464663,0,
2025-08-10T223952Z-16d02c,2025-08-10T23:51:07.609932+00:00,1121,5,linkedList,min,10000,4,2020,2.02e-06,3506079,0,
2025-08-10T223952Z-16d02c,2025-08-10T23:51:07.609932+00:00,1121,1,linkedList,insert,10000,0,288651206,0.2886512,3729096,0,
2025-08-10T223952Z-16d02c,2025-08-10T23:51:07.609932+00:00,1121,2,linkedList,insert,10000,1,319519724,0.31951973,3770296,0,
2025-08-10T223952Z-16d02c,2025-08-10T23:51:07.609932+00:00,1121,3,linkedList,insert,10000,2,291891018,0.291891,3807944,0,
2025-08-10T223952Z-16d02c,2025-08-10T23:51:07.609932+00:00,1121,4,linkedList,insert,10000,3,270843223,0.27084324,3845692,0,
2025-08-10T223952Z-16d02c,2025-08-10T23:51:07.609932+00:00,1121,5,linkedList,insert,10000,4,306059216,0.3060592,3887052,0,
2025-08-10T223952Z-16d02c,2025-08-10T23:51:07.609932+00:00,1121,1,linkedList,creation,50000,0,49499702452,49.499702,11897728,9043968,170729472
2025-08-10T223952Z-16d02c,2025-08-10T23:51:07.609932+00:00,1121,2,linkedList,creation,50000,1,49196495710,49.196495,11933144,0,174223360
2025-08-10T223952Z-16d02c,2025-08-10T23:51:07.609932+00:00,1121,3,linkedList,creation,50000,2,44518874744,44.518875,11975056,0,172228608
2025-08-10T223952Z-16d02c,2025-08-10T23:51:07.609932+00:00,1121,4,linkedList,creation,50000,3,50978351866,50.97835,12012236,0,172531712
2025-08-10T223952Z-16d02c,2025-08-10T23:51:07.609932+00:00,1121,5,linkedList,creation,50000,4,51474104364,51.474106,12052340,0,173187072
2025-08-10T223952Z-16d02c,2025-08-10T23:51:07.609932+00:00,1121,1,linkedList,search,50000,0,117697994698,117.698,8989235,0,
2025-08-10T223952Z-16d02c,2025-08-10T23:51:07.609932+00:00,1121,2,linkedList,search,50000,1,125903700913,125.9037,9027243,0,
2025-08-10T223952Z-16d02c,2025-08-10T23:51:07.609932+00:00,1121,3,linkedList,search,50000,2,102375237205,102.37524,9064923,0,
2025-08-10T223952Z-16d02c,2025-08-10T23:51:07.609932+00:00,1121,4,linkedList,search,50000,3,124927991002,124.92799,9102583,0,
2025-08-10T223952Z-16d02c,2025-08-10T23:51:07.609932+00:00,1121,5,linkedList,search,50000,4,120039805347,120.0398,9144863,0,
2025-08-10T223952Z-16d02c,2025-08-10T23:51:07.609932+00:00,1121,1,linkedList,max,50000,0,4440,4.44e-06,8987167,0,
2025-08-10T223952Z-16d02c,2025-08-10T23:51:07.609932+00:00,1121,2,linkedList,max,50000,1,4029,4.029e-06,9025087,0,
2025-08-10T223952Z-16d02c,2025-08-10T23:51:07.609932+00:00,1121,3,linkedList,max,50000,2,4230,4.23e-06,9062767,0,
2025-08-10T223952Z-16d02c,2025-08-10T23:51:07.609932+00:00,1121,4,linkedList,max,50000,3,3550,3.55e-06,9100427,0,
2025-08-10T223952Z-16d02c,2025-08-10T23:51:07.609932+00:00,1121,5,linkedList,max,50000,4,4540,4.54e-06,9142739,0,
2025-08-10T223952Z-16d02c,2025-08-10T23:51:07.609932+00:00,1121,1,linkedList,min,50000,0,3220,3.22e-06,8987283,0,
2025-08-10T223952Z-16d02c,2025-08-10T23:51:07.609932+00:00,1121,2,linkedList,min,50000,1,2620,2.62e-06,9025147,0,
2025-08-10T223952Z-16d02c,2025-08-10T23:51:07.609932+00:00,1121,3,linkedList,min,50000,2,3410,3.41e-06,9062827,0,
2025-08-10T223952Z-16d02c,2025-08-10T23:51:07.609932+00:00,1121,4,linkedList,min,50000,3,2540,2.54e-06,9100487,0,
2025-08-10T223952Z-16d02c,2025-08-10T23:51:07.609932+00:00,1121,5,linkedList,min,50000,4,3110,3.11e-06,9142831,0,
2025-08-10T223952Z-16d02c,2025-08-10T23:51:07.609932+00:00,1121,1,linkedList,insert,50000,0,8991076262,8.991076,10888312,0,
2025-08-10T223952Z-16d02c,2025-08-10T23:51:07.609932+00:00,1121,2,linkedList,insert,50000,1,11545225170,11.545225,10926088,0,
2025-08-10T223952Z-16d02c,2025-08-10T23:51:07.609932+00:00,1121,3,linkedList,insert,50000,2,9676457743,9.676457,10963768,0,
2025-08-10T223952Z-16d02c,2025-08-10T23:51:07.609932+00:00,1121,4,linkedList,insert,50000,3,9935657466,9.9356575,11001428,0,
2025-08-10T223952Z-16d02c,2025-08-10T23:51:07.609932+00:00,1121,5,linkedList,insert,50000,4,9332467243,9.332467,11043804,0,
